"person","sequence_id","coin","start","sequence"
"frantisekB",1,"20DEM-silver","t","tththhtttthttthhhttttthhhttttttthxhhhttthtthttttttthhthhtthhhhthhhhthhhhhthtthhhththhhtttthhhhhthxttht"
"frantisekB",2,"20DEM-silver","h","tthtthhhhttxttttthhtthhtthtthhthhtttththhhhthhhtttttxthtttthttthtthtthhhthttthhtthtthhhtthhthhththttth"
"frantisekB",3,"20DEM-silver","t","thhththhtthhhhthtthhtxhxtttttthththhxttttththhhttthththhthhttthtththhthtxhththtthhthhhhhhhttthttthtthhtt"
"frantisekB",4,"20DEM-silver","t","thhhhthhhhhhhthhhhhhtthhhhtttththttttththhtttttthhthhhhhthhtthhtttthhhhhhthtttxtttthhththhttthhthhtht"
"frantisekB",5,"20DEM-silver","h","tttthtthhhthttttttthtthtthhxhhthhhttthththhthtttttthtththtthhthhhthtthtththhtxhhxthxhxhthttthttthhtthhhhh"
"frantisekB",6,"20DEM-silver","h","thhhttthhttthhttthhtthhhthtttthtthtthththhthhhththttthhthhtthhhthhhthttthhthhhhhttttttttthhthtthttth"
"frantisekB",7,"20DEM-silver","t","tththtthtthhhthhhhhthtththhhtthtttthththhthhttthhththhhhtthttxtttthththththhhhthhththhhhhhhhhhhttthxht"
"frantisekB",8,"20DEM-silver","h","htthtthttthtttttttttthtththhtthhhhthhtttttthtthhtthhthtthttttthxthhtttththtthhhxhhttttttthtthhthtthhht"
"frantisekB",9,"20DEM-silver","h","tthtthhtthhhhthhthtthhththhhtttttttththhttthththhttthhxhtththhhhhhhthhhhtxthtttthhhthhthxhtthththhhhhth"
"frantisekB",10,"20DEM-silver","h","tthhhhtthtthhtthtththhthhhttttththhhthttthttthtthxtttththhthhhhttxttthhhhththhhhtttththhhhthhhtthhthhh"
"frantisekB",11,"1CZK","h","htthhhtxtxhhhhtthhhhthhttttthttthhttxhhthtthttthxxtthhhhhhhhxttthxthttttththttttttxthhhttthhhxhhttthhttththtt"
"frantisekB",12,"1CZK","h","hthtthhhtttthttthxhtthhthhhhxthhhthttttththhhttththhhthhthhtthtthhhththttthtthhhhhhhxththhhhttxhhtthttth"
"frantisekB",13,"1CZK","t","tthtthhhhtttxttthhtthhtxhttttthhhthhttttthhhtthttththhtthtttthhhhtxthttthththhhtttthtttttthtthttthhthth"
"frantisekB",14,"1CZK","h","xtthhththhtthhhthththhhthttthtthhtththhtththhhthtttttttththhhttthhhxtthhhththhhhttththtthhthtthhthhhhh"
"frantisekB",15,"1CZK","h","tthxttthhththhxhhtttthhhhtthtxhtthhhthhhhhthxhxthhxtthtttthtttttthhthhttthhthhhhhththhthhhththhhhhthhhttxth"
"frantisekB",16,"1CZK","h","thhhththhthttthhthhxhhtthtxhtthhhthhtththhhhthtthhtthhthhhhhtthhhttthxhhhthhhhhtttxthhhttthtthhtthhhhtth"
"frantisekB",17,"1CZK","t","tththhtttttthhthhththhhtththhttttttththhxhtttttththhhththhtxhthhtththhhhhhtthhhhththttxhtthtttttthhhhhh"
"frantisekB",18,"1CZK","h","thththhhhhtthhhhhthtththtthhtthhthhthhhhtthhhhthttxhthhhttthhxthtthhhhhththhhhtthhhhththhththhtthththt"
"frantisekB",19,"1CZK","h","ttthhhthhttthtthttttthhhthttttthhhtttxtttthhththhtthhtthtthtthtththhthhhthttthhhxxhhthththtttthttttxhhth"
"frantisekB",20,"1CZK","t","hhhhthxhtttthhtthhhhxhhtthhhtthtxxtttttthhxtthtthhththhhhhtthhhtththxhththththxtththtxhtthhtxhttttthhhtthtttt"
"frantisekB",21,"5CZK","t","hthhhtthhtxhttthhhththhtthththttthxhththhhtxththththhhtttthhththhhtththxhhthttxtthtttththhthtttththhtthth"
"frantisekB",22,"5CZK","t","thththhhhthhxhtttthththhhxttthtththtttthtxthtttxthhthhhxthhhhtttththttttthhhthxttxhhhtthtxhhttthhhxhhhttthttt"
"frantisekB",23,"5CZK","h","tthhththttxhhtthttthhtthttttththhhtxhxhttthhxthtthhthtthttthhtthxthhthtthttttththtxhtthxttththtttthhthththh"
"frantisekB",24,"5CZK","h","hhtthttthttthtthhhhhxthttttttxhhtthhtthhtxhtttththtthhhhtthtthxthhhttthtttxthttthtttttthtthhhhththhhthttxt"
"frantisekB",25,"5CZK","h","tttthhhhhxhttthtthhhxhtttttthhhhthhhtxthhththtthtthtthhtthtxhtttxhthhhtthttttthtththttthhhxhhtxththxhhtthhth"
"frantisekB",26,"5CZK","t","xttttttttthhhhhhhhhttttthhthtthhhthtththththttthtthhxhttthxttthtthhhthhhhthtxttttthhhhhtthtttthttthhthth"
"frantisekB",27,"5CZK","h","ttththththhhhtxtttthtxthhhththtttthttthththhhhtxhtthtthtthththhxthtxthxhhhthththththhxhhthtxtththhtthhhthhtxh"
"frantisekB",28,"5CZK","h","hhhhthhhttttxtthttthhtttttttthththhhhththhxttthtthhxhhtttthhhthhthtttthhxhtthtxhhthtttthtthttttthhththhth"
"frantisekB",29,"5CZK","t","thhthhhthxthhthhhhhxhthttttthtthxttthhhthxhtttthhthhthhththhtxxhtthhtttthhhthhhhtttthttxxhhhhttthhhhthhthhht"
"frantisekB",30,"5CZK","h","httththhhhtxttthhthxthttthththtthtttxhhtthhhtthttthhthhtttthhhtthththttxththhhtthtthtththhttthththhhthht"
"frantisekB",31,"0.25USD","t","xttthhthttthhtthhhhhthhtttthhhhxhhthtttthhhtttxhhhhthththtthtthhhthhhtttthtttthhhthhhhthtttthhthhhhhttxt"
"frantisekB",32,"0.25USD","h","hhhtthhhhxthhtthtttthhhhthxtththxthhxhthttthxhhhhhhthtththhttthttthxthttththtxhhhhthhhthhtthhhhhhtttttthhhh"
"frantisekB",33,"0.25USD","h","tthhththhthhhxtththhthhhthttthhthhtxhhtthtthxhhhxhhhtthhhthxthhtththhtthhxxhhtttththttthtttthxthttthtxtttttxht"
"frantisekB",34,"0.25USD","t","hhthhthxhttthhthhxthtxhhtthtththtthhhhttxhthhttththhhhhhxthhhhttthhhxhthttthtxttththhhhttththtthtththhxtthth"
"frantisekB",35,"0.25USD","t","thhtttxhhhhhhhhhhhhhxthtttthttthhthtthhxthhtxtxttxttthhttthhtththtthtxtxthhthttthhtttxxhhhhxthththhhtthhhhththh"
"frantisekB",36,"0.25USD","t","hhhxhttthhhhhhththththtthtthhtthhtttthhthtthhtxtthhtxhhhththhttthtttthttttxhhthhhhththhthxtttthxthhttxtxttth"
"frantisekB",37,"0.25USD","t","thtthththhhthhhhtthhththtththththhhhthttthtththxhhttxhhhhttxthxthhthhttxththththhhhttthhttthttththxhtxthhth"
"frantisekB",38,"0.25USD","h","hhthtthtthttthtttthtthttttththhtxththhhxhhththhxthhhhthtxtttttthhthhtthhtthtthxthhhhhthhtttxhhtthhthhtthxhxh"
"frantisekB",39,"0.25USD","h","thxthtttthththxhtthhthtttthhththhhhththhtththhtthhtththxthththtthhthhhhxttxttttthhhthtxtththhhhxtthhhhhhthh"
"frantisekB",40,"0.25USD","h","thhhhhhthhhhtxxtttthtthttxtthxtththttthxthhthxhhhhththtthtttthttttttthxtththhthhthhthhthttththttxthhxtthttthh"
"frantisekB",41,"10CZK","t","xhttttthththhttthhhtththhttxthxtthhthhhtttthththhhtthhthhxththththttthtxhhththhtththtthxhtxthhhtthhthttthtxh"
"frantisekB",42,"10CZK","t","tththhhhththxhhhttthhhxthhttxhhtxttthhthththhxttthtthhhttxthtthththttthhtththhhhthtthhhhhttxtthttthtxthhthhh"
"frantisekB",43,"10CZK","h","thhhxtthhxtxhhhhthttxtttthhthhttthttthtthhhhxhttxthttthhhtthhhtthhhhhthhththhttthththtthhtththtxtththhtttht"
"frantisekB",44,"10CZK","h","thttttthtthttttttxhxthttttthhthhhhthththththhhtththxhthhhtxttthththhthhxhthhthhhttthttthtttttththhhxttttth"
"frantisekB",45,"10CZK","t","hthttthxttthhhttthththhhhhtxthhxhhthhtththhhttxhhhhththttttttxthttttthhttthhthhhthhthxthhhhhththhhhttttttt"
"frantisekB",46,"10CZK","t","thtthhxhhthtthtthhtththtththxthhhthxttthtthhhtxhhhtththhhhttthhxthhthththhhhttththhhhxthhhhhttttthhthtxhhhh"
"frantisekB",47,"10CZK","h","hhttthhhxhhthhttxtttthtthhhhxttthttthhtxttttxthhhtttthhhthhthhhttxthhthtthhhttthhtthhhttttthhttthxhhthtttth"
"frantisekB",48,"10CZK","t","thttthhttthhththxthhtthtttthhhhhhxhhhhhhxhhhhtthttttthhhxtthththtthxhthtxthhhtthttttxhhttttthhhhhtththhthhh"
"frantisekB",49,"10CZK","h","htttththhhtthttththtthhxtthhthhthttttthththhhhttththttttxtttxhhtthtxthththtthxxxhxthxhhthhhhxtthhtthhttthxthhtt"
"frantisekB",50,"10CZK","h","thhtthtxxththththhhttthhhhhhxhhthhtxhhhhthhtththttthhhhthtthhhthhhthhhhthhththhhhtthhhxthththththttththht"
"frantisekB",51,"0.5EUR","h","htxthhtttttthththttththhhtththtthttxttttxththttthtthttthhhhhhthththhhttttthththhhhhthhthhthttthxttthhhtt"
"frantisekB",52,"0.5EUR","t","htxtthttxthhhthhhhhthhhhthhhhthtttthtxhthhttthhhhtthhttttthhthththhtttthhtthhhxhhtttthtthttthhhhxhhhhhxhht"
"frantisekB",53,"0.5EUR","t","tthtthhhhtththhthththhthtttththhhthhthhtxhhtttthhhxttthtthhxththhhhhtthtthhhhthtththtthththttxxthtththttt"
"frantisekB",54,"0.5EUR","h","hthtthhhxthhthttththhttthttxhtthhhhthhhhthtththhhhtxhhhhhhthththttttthhhtttthththxhthhttthhhththtthhxthhh"
"frantisekB",55,"0.5EUR","t","tththhhxthhththhhhhhxhhhhththttthhtthttthhhhhhtttttttxtthttxhhthhhtthttttthhtthhtthhthtthhhhhttthhhthhth"
"frantisekB",56,"0.5EUR","h","hhthhhxthhtthttthththhthhhhtxththtthhtthhhtthhtthtthhthhhttttttththththhthtthhttxhthhtthhhhttttththhttt"
"frantisekB",57,"0.5EUR","h","hhhthhtthttttxhhxthtttthhhtthhhhttthtthhhhhthhththtxhhtthhhhhhhhthhhtthttttxhhhhxhhhththtthhhhththhhhxthth"
"frantisekB",58,"0.5EUR","t","hhthttthththhhtthhhhxtthhhhhttthtttthhtttththhthhhxhhtxhthhttxtttttttttthhhtttthhhhthtthththxthttthxhhthth"
"frantisekB",59,"0.5EUR","h","hhhttthtxththtthhhtthhtttthththttthhthtthhhttttthhtttththxhtththhhxthhtthhththtttttthtxhhththhttthhhtxtht"
"frantisekB",60,"0.5EUR","h","hhththththththtthtthhhhtthxtxhttthtxthtththththhtththttttththtthttthhhttththhhxhttththxhtthhhhttthttxhhhtt"
"frantisekB",61,"1EUR","t","hxhtxtxxhhtthhhhtthhttxhhttthttthhhhhhhthhhhtthhhhhhthhtthhhhhtththhhthxxtthhxthhhhhththtttttttxhhhhhtttthhtt"
"frantisekB",62,"1EUR","t","txhthhhtttttthttttttthhhhhthhtttththttxthtxhththhhthttthhhthhhhthttttthtthttththhhttxhhhththhthtththhhtt"
"frantisekB",63,"1EUR","h","htthhtxhthhhttthhxthttthtthhthhhxthttthththththhthhtthhthhxhhhtthhhhttthtththththhthtththhxhtttxtthththhht"
"frantisekB",64,"1EUR","h","httxhtttttththhhhhtttththhhtthhthtthhthtxhhththtthttthtthhtthhtththhhthhttttxhhthtttxhhxthhttxtthhhttthhht"
"frantisekB",65,"1EUR","t","hhththhhthththtthhhthhhxhtthtthhtthxtttttthhtthhhhththttttxhhhthtththtttttthttttthhhtthhtththhhhhthttxtt"
"frantisekB",66,"1EUR","h","tttthhhhtxththhhtthtthhhhxhhththhxthhthththtttttthxtttthttthhhthhhhthhtthtthhhtthhxhhhtthtthhttthtthtthht"
"frantisekB",67,"1EUR","t","hhxhhhtththhhthhhthhhtxthtxhhhthtththxhhhttthhhxhhthhtthxhthhttthhttthhhthhtxthhtthhththtxtthtthhxhhhhtththht"
"frantisekB",68,"1EUR","t","httthtthhthhtxhthhthhthxhhxhhttttthtthhttthhhhhhhttttxhhhthhhthhhhhhhhhtthhttxhhtththhtthttttxhthththxthttt"
"frantisekB",69,"1EUR","h","thhthttthhhthttttthhhthhhtxhhtthtthhhhththxtththtthhhthtthhhtttthtthtxtththhhhhtththhththhttththtttthhh"
"frantisekB",70,"1EUR","h","hhthtthtththththhthhthhhhhhttthxththxtttthhhhtxththththhhthttthtthttthhhhhtthhhhththhtttxhthhhthhthttthh"
"frantisekB",71,"1EUR","h","ttthhhthhthhthhhthtttthhttthhtthhhxttththththhhxhhhhhhxhhttthttxhthtxhhhhhttthtthhhtthhhthhhtthhhttthtthh"
"frantisekB",72,"1EUR","t","hhthtttttttthhhxhhhthtththhttththxhttttttttthhtthtthhthhhthhtxhhttthhttxtthtttthththttttthhhttththththhh"
"frantisekB",73,"1EUR","t","thhttxhtththtthhhhthhhhhhthhhhhthtthhtxhthhhhhtthhhthtxttxhxhhtxtthhthhtxhtthhxhhthhtththhthtththxhthxxttthhthh"
"frantisekB",74,"1EUR","h","hhtthhxhttthhhhtxthththtttthttthhhtthtttththhthhttxthttththhhthtxhththhhxhthhhxhhttthtthhhhhhtthththhxthhhh"
"frantisekB",75,"1EUR","h","xttthhthhhxttthhtttthththththhxthhttttthhhhhhxhtttttthhhhtthtthxthtthhhtthtttttxthhthtthhhtthtxtthttthththh"
"frantisekB",76,"1EUR","h","tthttthxhhhthhxththhtttthhthhtthhttxthttxtththhtthtthhthhxhxhhhhhthhhhhttttttttttththtttthttttxhhxhhxtththtth"
"frantisekB",77,"1EUR","h","hhttthttxhhhhhtthhthhthhthhtthhhhhhhhthtthhthtthhthtxtthththhtthhtxhhththttttthhtxhxththttxhxttthhhhttttthh"
"frantisekB",78,"1EUR","h","ththtxththhhttththttthttxthhthtttttthhhxhhhhhthtthtthtttthhtttthhhhhhtthhttthhtthhththtthhhtthttxtxhtthtt"
"frantisekB",79,"1EUR","h","hhxthhhxhttttthhxhtthhtththttthhthxthttthhttxhxhhhhhhthhxthhtthhtxhtthhhththxhhhthhhhthtththhxthhtthhhhththhhh"
"ingeborgR",1,"1HRK","h","thhhtxhhthtxthtttthttththththhhttttthxhtthhhhhxtxhthxttthxhtttthhhttxttthhhhttthtxhthtthhhhtttttttthtththhttt"
"ingeborgR",2,"1HRK","t","hththhthhththhtthhhhxtththhthxtththhthhthttthhththhhthtththhthththhthththtthhttthhththtxhhhthttthhtthht"
"ingeborgR",3,"1HRK","h","htththtthhthtttxhthttttthhhhthhhhttthhtthhthhtttxtthtththhhhhthhhhhhhthhhthtxxxtthhtttttthhhtthtthtthhthh"
"ingeborgR",4,"1HRK","h","tttthttthhtthtththhhththhhxhtttxhhhhthtthhthttthhhhthhttththhhhthhhtttthhhttththhhhttthhhthhthhthhthth"
"ingeborgR",5,"1HRK","t","tthttthhththhthhttttttthhhhhttxhxthhhhththhhtttthhhhttthhhhhtthththththhthhhthhtttttttthhhhhhhthhhtthh"
"ingeborgR",44,"1HRK","t","ttthththhthhttththtxhhhxhthhtxtthtxttthhhhthhhthtttthhhttthhhxtthhhththhhhthtthhthttthhhhhhhhhhthttthhttt"
"ingeborgR",45,"1HRK","t","hxthhttthhhhhtttttttththhthhhxtthhhthhhhthhhttttxttthtthhtttttthhhtttthhhhhhhhhhtxththttthhhhhththththhh"
"ingeborgR",46,"1HRK","h","hxthhttthhhhhtttttttththhthhhxtthhhthhhhthhhttttxttthtthhtttttthhhtttthhhhhhhhhhtxththttthhhhhththththh"
"ingeborgR",47,"1HRK","t","hhxttththhthhhttthhhhhhttttttxttthhttthhtthhthxtxhththtthhhtththhhhthtthhhhhhttthxhhtththhhhthhtthhthttth"
"ingeborgR",48,"1HRK","h","tthtththhtthxhtthhhthhhhthththhthhthtthhthththttthhhhhhththhhhhtthttttttthhhthtthhhhxththhhhthhthhthth"
"ingeborgR",49,"1HRK","t","tthtthhttttthhtttthtthttthhhththhhtttthtttthtthhhthththhhtththttthhhhhtxthttthththtthhhthhhhttttthtth"
"ingeborgR",50,"1HRK","t","htttthhhtthtthttthththhthtththhhhxhhhhthhhhhhhhtttthtthhhthththhtttthhttthhthhhhthhhhthhttxhxhtttthhtht"
"ingeborgR",51,"1HRK","t","hhthtttttththhhhhttthhthtttthtxhttthhthhhhhthhhhhhththhtxhttthhtthttttthtthtththththhhthhxhthhtthttttht"
"ingeborgR",52,"1HRK","t","tttthtttthhttththtththtththhhtthththhththttthhxthhhthhthhtthththhhhhtththtttthththhttthttthttthththht"
"ingeborgR",53,"1HRK","t","thtthhthhthttthhhthhttxhhthhxthtttxhtttthhhhhhtthhhththhhttththtxthtttttttthhhthhxhttttthhhhhtxhhthhhthhth"
"ingeborgR",54,"1HRK","t","hhtthththhhhhtttthttthttttttthhhhhththttthhtttththhthhttxhhhtttththththhthhttththttthhhtthhhhhtththht"
"ingeborgR",55,"1HRK","h","hthhhththhtthhhtththththtthhthttttttthththtttthtththththtttthhhhtththhththxhhhhthtttthhhttttthhtttthh"
"ingeborgR",56,"1HRK","t","thhththtthhhtttttthtttthhhhtththtttththhhththhxhttthhhtththththhthhxxtttththhhhhhtththhhtthhhthtththhhh"
"ingeborgR",57,"1HRK","h","htthttththttttxthtthhthhttthhhthhhhthtthtthhthhhhtthtthhhtttttthhhhhhxhthtththhhththhxhthhthtthhttthtth"
"ingeborgR",58,"1HRK","h","thththththhhhhhtthhttthhthhthtthtxttthtttthhhhhtthhhhxtthtthttthhhtthttthhhhtththhhhhhthhttthhttthtttt"
"ingeborgR",59,"1HRK","t","xthtthhhhthhthhtththhtttthhhtttttthhxtthxtthhththhththhtthhhhttthtthhththttttttthhhhtthhhtthhttxttthhhtt"
"ingeborgR",60,"1HRK","h","thtthhthtthhhttttthtthhttxtththhhtttttthttthhhhhtttthhhtththththhthttththhtthhthhtthhthththhththtthht"
"ingeborgR",61,"1HRK","t","hhtttthhttthhtttttthththhthhhhthtthhthhhhttthththhxhhhhthhhtthhhtthhhthhtthhththhthththhthttttthhtth"
"ingeborgR",62,"1HRK","h","hthtttthtthhhttthhhhtthtttttththhhhhhhttttthhththhhttttttttthxttthththtthhhhtttthtthhthtttttxthtttttht"
"ingeborgR",63,"1HRK","h","hhtttttththttttthhthttthttxtthtththttthhhthtthhhththththhtthhthxhhtttttthhththtthhtthhhhhhhhtthtthhthh"
"ingeborgR",64,"1HRK","t","hhtthhththttthtthhththttthhththhhtthhxththhhttthththttxthttttththtthhtthhtthhhtthhthttthtthththtthhthh"
"ingeborgR",65,"1HRK","h","ttthhhtthttttthhthththtttttthhhhhhthhhtttttttthhxhhhtttthhhtthttthhthtthttthhhtthththhhhthhthhhhhhhhh"
"ingeborgR",66,"1HRK","h","thththtttthhthhhhtthhthhthxthhttthhhhtthhhththhthttththttxhthhttxtthtthhhthxhthtthhhthhhxthhthxtththhhthht"
"ingeborgR",67,"1HRK","h","ttthhhhttthtthttthttttthhhhttthhhthttthttthhhthxtthtthttttththtttthtthhththhthhhhhxhhhhttxhhthtthtththh"
"ingeborgR",68,"1HRK","h","thththtththttthtthtxhhthhthhtthtttthhtththhthhhhthtthtthttttthhhhthhhttththhhthhttttthtthhtththhhhtht"
"ingeborgR",69,"1HRK","h","hhhhhhhhtththhthhhtttxhhthhhttthhthththtthttthhthhthththhtththttxhhhthtttththtthhttthhthhhththhhhththt"
"ingeborgR",70,"1HRK","h","thhtthhttththhththhtthhtththhtxtththhthhththhhtttttxthhhthhhthttththhthhxtthtthththttthtttthtthhttxtthth"
"ingeborgR",71,"1HRK","t","xthhththhttxthtttthhthhhttthhttthhhtthhththhhhththtxttththhtthtttthhtthhtthhththtthhthtttthtthtthhthhht"
"ingeborgR",72,"1HRK","h","hhhtthttthhhhttthhtthtttththhhhhhhhhhthhxhthhttthttthttththtthhthhtxttthtttthtththhhhxthhthhtttthththtt"
"ingeborgR",73,"1HRK","h","ttthhhtthttthththtthhhhtxhhthhthhhhhththttthtthhhhhhhthhthhhhhhtthhhthttththhhhhhthhtthththhththhhhht"
"ingeborgR",74,"1HRK","t","htthxtttxththhtttttththttthhtthhhhthhttthhthhtthhtttthtthhthhtttttthttttthhthtxthttthhhthxthhhhhhhhtthtt"
"ingeborgR",75,"1HRK","h","hhhhthhhhhttttthtttttththtthhxhththttttthtxhhtthhhhthhttthxtththhhhhhhtththhxhhhththtthttthhtttttththhhh"
"ingeborgR",76,"1HRK","h","hhhthhtttthhtxttttthtthhtthhxhthhtttthhhttththtthhhthhthhhthhthhtthhtxhhthhththttxhthhhhthtthttthxttthhtt"
"ingeborgR",77,"1HRK","h","hthtthhthxhttttttthhhhhhhtthttthxthhttttththththhhhhhhhhhttttthhttttxththhthtttthtxhttththtttthxtthttthht"
"ingeborgR",78,"1HRK","h","httthhtthhhttththhhhthhhthtxhhtxhtthtththhhthttthhhttttththtthhttttthtttttthtxhhthxththhhthttthxththtthxth"
"ingeborgR",79,"1HRK","h","htxhththhhthhtttttthththhhhttxhhhhhthhthththttttthttthhtthxhthttttttththhthhtthhthhthttthhtthhttththtxtt"
"ingeborgR",80,"1HRK","h","thhhhttttththhhttttthxthtttttxhttttththhttthttttthhthttthtthhhhhhhthttxhtthhthhhxtthhhtthththttthtthttht"
"ingeborgR",81,"1HRK","t","tttthtttthhthtthhhthttttthhhhhhxhthtthhhxhhthhhhthhthhhththhthththhhthtttxhthhhttththhththhhthtxthhthhth"
"ingeborgR",82,"1HRK","t","hhhttthhhtthxtththtttthhtthhhxhttthhthhthhttthhhtxhttttttttthtthhttthtthhhthhhttttttthtththhtttxthththtt"
"ingeborgR",83,"1HRK","h","hhhhtthtttttxhhhtththttthhhtxthhtthtxhhttththhhthhththhhhxhhhthhhhhththhtthhhthttttttttthtththththtttttt"
"ingeborgR",84,"1HRK","h","hhttthhhtxhthhththhxthhhxttttthhhttthhththttthhhhthhttthttthhthhtxttthhhthhhhthhthtthhhtttthhhhtthhthhtt"
"ingeborgR",85,"1HRK","h","httttthtthtthhtthxhhhhhhhhtthhhthxthhttthhthhtttthttttthhhtththtthhthhhhttthhhttthtxtththtthhhhththhthh"
"ingeborgR",86,"1HRK","t","httthhtthhhthttthhhhtthhhthhxtthxtthhhhhhhhthtthtxhthhththttthhthtthhhhttttthththhhhtththxhttthhhhthhthh"
"ingeborgR",6,"1HRK","t","httttthtttttthhhhhhhhhtthhhthhhththhhhttttthhttthtthhththtthttthhhhhthttthxhhtthttttthttththhhtthhttt"
"ingeborgR",7,"1HRK","t","ththhhhhtthtttttthththhhhttttthhhhthtthttththhhttthhhththhhhhttttthhhhhhhhhthhtththtthhthhtththhtthh"
"ingeborgR",8,"1HRK","t","tththhhttttthhhhhthhhhhhhhtttthtthtttththhhhthhhththttthttttxtthttthttxxttthhttthhththhtthhthhtthtthh"
"ingeborgR",9,"1HRK","h","thhhththhhhthttttthtthhttththhthhtthtthhttxhhhthttthhttttttththtthhtttthhttttthtththhhthhhthttthhhhth"
"ingeborgR",10,"1HRK","t","htthhhtthhtxthhttththtthtthhtthhhhhhhhhhhhtthhthttthhxthhtthhthhtthttthtthhtthhtthhthtttthtthhhhtttth"
"ingeborgR",11,"1HRK","t","thtttthhtththhttthtthhththhhhhthhthttxtthhttthththhhthhthhhthhhhthhtthhttthhhttthtttthhthhthhthhthhth"
"ingeborgR",12,"1HRK","h","ttthhhhhthtthttthhthttthhxhhhhhhththhhhhhtththhtttttthhhhhttxttttthtttthttttttthttttthtthtthhhhtthtthh"
"ingeborgR",13,"1HRK","h","tttththttthhthhhtthtthhhttttthhhthtthtxtthtthtthtthtxthhthttththhtthhthhhhhtthhtthhhhtthhxthhhththtthhh"
"ingeborgR",14,"1HRK","h","hthhtthttthhthhthtthhhtthththhthhhhhhhhttthhttttththhhhtthttthhhhththhtthhtthhhhththtttthhhtthtththt"
"ingeborgR",15,"1HRK","h","hhhthththhhthhthhhtthttthtththhhthhhhthhthhtttttxhthtththhhhhttthhhtthhhttthtttthhhttththhthhhhtxththhh"
"ingeborgR",16,"1HRK","t","ththttthhhtttthhhhtthhhttthhhttttththhhttththhhhhxtttthhhhtttttttttttttttththhthhtttxtttttthhhhthhhtth"
"ingeborgR",17,"1HRK","h","hththhthhttttthhhthhttthtttttthttthhthttthhhhhttthhhhhhhhhthhtttthhttththtththhtthhhtthttttttxhtththt"
"ingeborgR",18,"1HRK","h","ttthhthhttthhthhhtththhhhtthtthththttthhhtttttthhttththtthtthtthtthhhthtthtthhxtthhthhhththhththhxtttt"
"ingeborgR",19,"1HRK","t","hhhthhthththhhttxhttthhtthhhthhhhhhhthhthhttthtththtxhthhhhhtthhththtttthhhhththtttthtthhthhthhhhhhttt"
"ingeborgR",20,"1HRK","h","tthhhhthhhtttththththhththhhhhhthttthhhtttttthhhhhtthttxthhththhtttthhhhhhhththhthtththhhthththhhhhtt"
"ingeborgR",21,"1HRK","t","tthtthhthtttttthhhttthhtththhtthhhththtththhhhthtthththtthhtthtthhhhhththhththttththththhhththhhthth"
"ingeborgR",22,"1HRK","t","ttthxhhhxttxthtthhhhttthhtttxtthhhthththhhttthtxthtthhtththhthtthtthhtttthtthtththtthtthhhhttttthhhhhttht"
"ingeborgR",23,"1HRK","t","htttththttthtthhhthhhthhhttthhhthtththtthttthththtthhhhttthhhhtththhtthtthththhhthtthhthhtthtthxhttht"
"ingeborgR",24,"1HRK","h","ththhttxthxhhthththhhhtthhtthhtththtthtththhhththtththtththttthttttthtthththhhththhhtthtttthhhhtttttht"
"ingeborgR",25,"1HRK","h","tthhtthtttthtttttttxhhttttthhthhthhhtttththhththhxtthhttthttxhhthtthththxhttttttthxhhhhhhhhthhthththhtttt"
"ingeborgR",26,"1HRK","h","hthththhththtxhhttthhtthththththttthhhtththtxtthhtthhxhhhhhttthtttttthtxthhhhththhthhttthhtthhtxthhtthhht"
"ingeborgR",27,"1HRK","t","hhhttttthttttttthttththtthhhhttxhhttthhhthththhhhxxtttthhhttthhtthhhhhhtttththhhhhtttththtttthhttttthhh"
"ingeborgR",28,"1HRK","t","thttththhhthhhthhttthhtttthththhhhhththhtthtxhtttthtttththttttttxhttthhhtthttttthhttttttthththhthtttht"
"ingeborgR",29,"1HRK","t","tththhthtttttthtttttthttttthhhthththttththtthhthhthtttthttthttthtthttthhhtththhthhthhththhhhththttth"
"ingeborgR",30,"1HRK","h","hhthtththhthhhttthhtthhtthhhthxthtttthhhhttthhhtttthtthhhhthtthhhhttthhhhhtthhtthhhhthttxthtttttthhhht"
"ingeborgR",31,"1HRK","t","hhtttththtthhhhhththhhhhhhthhhhhhhhhxthtththhtthhhhttthtxththtttththhhttthtthhthhhthtththhtttthhhthhtt"
"ingeborgR",32,"1HRK","h","xthhhhthhhtththhhttthhtthhhtthhthhhhhtththhhthhttththhhtthhththttttthhthhhhtththhtttththtththttttttht"
"ingeborgR",33,"1HRK","t","hthttttttthttthhhttthhhhthhhthththhthhhttttthhhhtttththhtttttthhtttttthttthhhhhttththhthhhhhhhthhhhh"
"ingeborgR",34,"1HRK","t","htthhhhthtxthhhhthtttththhhththhthththhhhthhthhhthhhthhhtthhththhtthhhtttthhhhththhhtxtttttthttthhthht"
"ingeborgR",35,"1HRK","h","hthhththhttttththhhhhththhhhhhththhtthxhhthththhtthtthhthhhhhhttthhhthttttththhthtththxthhhxhthtxhthttth"
"ingeborgR",36,"1HRK","h","hthttthhhhtxhtthtthtththttxthtthhththhhhhththxhthttttthttthhhhhthxtthhthtthhthhhhhthththhhhthhtthtthhtht"
"ingeborgR",37,"1HRK","t","txhhtthhthhhtthtxthhhthhttththhhhhxhthhhhhhttttttthhththtxthhhtthttthhthhtxtththhhhttthhxthhthhttxttxttththt"
"ingeborgR",38,"1HRK","t","ttthhhhhttxhhhhhtththtthhthhhhtthhhhhtttththhhtthhthhthtthhthhtthtthhhhhhhtthhxthttthththhhhhththtthhh"
"ingeborgR",39,"1HRK","t","xthththtthhhthhtththhxhthhtthhhhhtttthhhxththhtxhththhhhhtttthhtthhhhhthttthhtttthhxtthttthtthhhhhhhhtthh"
"ingeborgR",40,"1HRK","t","hhhttttttttththttthththtttthhhthhhhhhhttxhhthhthtthttthhhhhtthhthxthtttththtthtxxhthhhtthhthhttthhhtttth"
"ingeborgR",41,"1HRK","t","hhthtxthtthththttthtthhtthhhhtttthththhtthhhthhtttttttthtttttttttxhhthththhtxttthhthhhxthhtttttttttththt"
"ingeborgR",42,"1HRK","t","hhttttthttthhhttttththhhhhttththhhtthttttthhtttthttththhttthhhththtthhhxtththxhhhtthttththhhthhttthttt"
"ingeborgR",43,"1HRK","h","hxhhhhtththttthhththtxthtthttttttthtthhhtthtthxhthhtthttthhthtthttthhhhhtthttththtthhhtthtthxhhtthththtt"
"alexandraS",1,"1MXN","t","xhhhhxthhttxthtthhxthhhtthhhthttthhthhhtthhhthhhtthhxxhthxhthhtthtththtthtxhthhhttthhtththhhhthhthtxttthxxhhttt"
"alexandraS",2,"1MXN","h","xtttthhthhxtttthttttthxhtthttthxthhhthhtxtththtttthhhhhtthxxxtxxththhtxhttxttttxhhtttxtthhhhttththhtttttthhthhhhht"
"alexandraS",3,"1MXN","h","httthtttthhxtxhthtthththhhttthttxhhtthhthtttthhhtthhttxxthhttttxtthhhtttthtttxtttthtththxhthhtthhhhtxtthhhthh"
"alexandraS",4,"1MXN","h","hhtxththhtthhtttthhthtthhtxtxthttttthtthttthhhthtttxthhtxthtttthhxthhhhhxhhttthhxhhhhxttthxhthhhhhhttththhhhhh"
"alexandraS",5,"1MXN","t","ttththhhtxttthhhhhhhxhhhhhhththhhhttthttttthxhhxhhthhhttttthththhhhhhtthhxtthhhtthhthhthtxhttthtttthttttth"
"alexandraS",6,"1MXN","t","ththhththtxhtttttttthhhtttttthhtthttxtxtthhhtthhxtthhhtthhtttthhhtxtxhhttttththtthtxhhthhhhttttttthhhhhhhtt"
"alexandraS",7,"1MXN","t","xhhxhtttxttttthhthtxhhtthhhthhhtthttttthhhthxhhthhhhtttthhhththtxhthththhththhtxxthhttthtthhxhhxhthtthhhhhhhht"
"alexandraS",8,"1MXN","h","hhhxtththttthhttthhhhhthhhtttttththttthhttttxhtthhhhtxtthtthtttthttththhhthttxthtttthhhhhhttttthhhththht"
"alexandraS",9,"1MXN","h","hthhhtttththhxhhhthhhhhhtxttthhthttttxttthhttttthhhhttttxthhhhhtthhhthtthtthhtthhhhhxhttthhhthhtxhhtttttht"
"alexandraS",10,"1MXN","t","thhxthtthhttttttxhtthtthththhhxhhhhxtxttxxhttttthtttthhhhhxhttttxhttthtthththhxhhhhthxttthhxhhthtxhttthhtththhhhh"
"alexandraS",11,"1MXN","t","hhtththttttthhtttthhhhthhxthtthhhhhttttthxttthhtxhthhhthhtthhhhhtxthttttxtttttthhxththtxtthtttttttthththhxth"
"alexandraS",12,"1MXN","t","ttthtttxhtthththhttthttttthhhhhxthtthttthtxhthhhhhthhhtxtthhhhhhhthttttxhtthhtxthtthhtthhhtththhhthhhhtxttt"
"alexandraS",13,"1MXN","t","tttthhxthtxtthhhtthhhhhtthtttthhhtthttttthtxththhthhhthhththttthhhttxthhthttththhttxththhhttthhhhxthxhhhtht"
"alexandraS",14,"1MXN","t","tththhtttthttttthhhhhthhtthhtttthhhxhthhhtttthhthtthhhhthhhththhhttthhhhhthtthttthxthxhtttttxhtthtttthtt"
"alexandraS",15,"1MXN","t","tthttttttthtthtxtttxxxtthhtxtxhhhhttttttttttxttxthhthhtttthhtttttthtththxtxhhtthtttxhhtththhhtxthttthhttthxhhxtttt"
"alexandraS",16,"1MXN","t","tthhhtttttxthttxhxthhttththhxhhtthhtttthhxhthhhhhtttxtthtthhtttttthtthhhthhhthhtthhhthttthhhhhxthhhhhtththh"
"alexandraS",17,"1MXN","t","tttthhxthtthhtthththhhhhhhtttttttththhhhthxhhxhhhtthtthhtthhthxtttthtthhhtthtthhhttthhhtxhhhxhtttthhhthttt"
"alexandraS",18,"1MXN","h","tthxthtththtxxttthxhthhhttttthtthtxthhttthhxhhhhtttthhthttthhthhhxhxtttthhthtttttthhthththhttttttttthhxhtthhh"
"alexandraS",19,"1MXN","t","tthhtttththhtthhhtthhhttthtthhhxthhhhhhtthtxthhthhthhttxhttthxthhthtxtthhthhthhhhhhtttthhhthhhthttxttthhhh"
"alexandraS",20,"1MXN","t","xtxhthhhhtthttttthhttthhtthhxhhhthhttxthtttxxhtthtttttthttthhthhhhthhhhttthttthththtththtttththhtxtthttthtt"
"alexandraS",21,"1MXN","t","xthhtttthtthxhhhtxtthttttthxhhtthttttttththhtthxhhhtttxtttthttthhhhtttttthhhthhthxhtthhxhhhtttttxttththxhthhht"
"alexandraS",22,"1MXN","t","tthhhthtxtthtttthhthhthhhhttththtthtthxthtthththhhhhxthttttthtxhthhthhhxhhhhtthhhhxthtthhhttttthhhtttxtttht"
"alexandraS",23,"1MXN","h","hxxhthtxhhthxthttxhthhhhxthhthhtthhhxhthxxhhththxttthhhtthhtthttthhxtttthhthhhttthhttthhhhtxhhtttthhxtthxhhhhxthtxhh"
"alexandraS",24,"1MXN","t","hthhtthxhttttttthhththxhhttttthththhhxthhhthhhhhhttthhthhhhhhhhhtttxxttttthxthtxtthhthhttthxhhhttttttthxhxhhxht"
"alexandraS",25,"1MXN","h","htttthxhthtxhhhhxhhxttthhhxthxhhhththhhhhhxthxhhhxxtthhthhtttxtthxthttxhxhhhhtthhhxhttxhxhhhtttxtttththtxhththhthtttthh"
"alexandraS",26,"1MXN","t","ttxxthhxttttthttthhttttthhhtththtthtthxtththhthhxhhhxhtthtxhttttthhhhthhhhhhhtthhthhtttthhxtthtthxxtxttthtthhth"
"alexandraS",27,"1MXN","h","hththhtthtttththhthhttxthhxhhhhhhttthtttthhhthttthxhthxthtttttthttttthttttthtthhhhthhthtxhththhtttttthhtt"
"alexandraS",28,"1MXN","h","xtxhhttthhtttxhhtththhhttttthxhhhhxhhttththhhthhththhxthhhtxthhxtthhhttthxhthhhhthtthhhttthhtttthhhhhhhhthhhh"
"alexandraS",29,"1MXN","t","thxthtththtthtthhxhthhhttththhxttttttttxxhhthhthhhtxttttthhhhxxxhthhxhhthttxtthhhtthhhhthhhhthtthhhxhtthhhhhttht"
"alexandraS",30,"1MXN","h","hthtthhhtthhxhtttththhtthtthtththtxhhtththttttthttththththhthhhthththhthtxtthtthhththhhthhhhtthtttttxhth"
"alexandraS",31,"1MXN","t","hthxthttththhhhtxththhhhttthhhtthhxhhhhtxtxtthxxhhhtthhtthtttxxtxttthhhhtxttthttxhhttthtxthhhhhhxhthhttthttthhhttxt"
"alexandraS",32,"1MXN","t","tttthttxththhxhtttththhtxhtthxhhxhxhtxtttxthhthhhhhttxhhthttxhththhthtxhhhhhhhtthxtxthhthhhxhhhtxththttttthhtxxtttttxt"
"alexandraS",33,"1MXN","t","hthhhxhhhtttxhxhhhhhhhhhtthtxhhhtthhhtttttxthtthhhttthhhthtxhtttthhthtttxxtthhhhhhtthhhhxthxxhtxhhhtthhtththhtht"
"alexandraS",34,"1MXN","t","thhthttthhthhththhhttthhhttxhhhhhtthhtthtxtthhhthttttthxhtththxhhhttttthhtthhhhtxxhhhttxhhtttthhttththhhhth"
"alexandraS",35,"1MXN","h","htthththhhhttthhttththttthhhhhthhththhxhhttxtthhhththththhhxthhhhhhthhhhhhhhtthttxhthttthttthhthxthhthtth"
"alexandraS",36,"1MXN","t","txthtttththhthttthtthhtthhxththththhxhhhtthttxtxtxhththtththtthhhthththhhhthhhtttththhhhhhtthhtttthhthhtht"
"alexandraS",37,"1MXN","t","xhttxhhththtthhhtxhtthhthhtthththhxhttttttthhthhtththxtttthhhhthtthttxhthhhttthhhhhththhxhhthhttttthhhhthxht"
"alexandraS",38,"1MXN","h","xttthhthhhtxhththhthhhhhttttthhttthhhhhtthhhthttthtthhthttttttthtxhhthhtthtxththtthtthththhtthththhhhtth"
"alexandraS",39,"1MXN","t","ththttthhhhhthhhtttttthhhhtthhhhxhhhhxhthhthhththttthxtthhhhtttththhthhxthhhhtttthhhhthxtththhxhthhhtthttt"
"alexandraS",40,"1MXN","h","hhhththhhhhhthttththtthtthhhhhhtthhhxhhttththtxhxthhtxhhhxxtthxthhttxhthhttthtthththhhthhthhttxhxhtttxhthhtxtthh"
"alexandraS",41,"1MXN","t","xtthhhhhtthhhhhhhttxththhhttthhthttttttttththhhthttthhtththxthhtxthhthhhhthhhhhtthhxhhxttthhhthttthhthhhth"
"alexandraS",42,"1MXN","t","hhhhhtthttthhhhtththhttttththtthhhhxhtthxthtxtttxxtththhhtthtttthththhhhhhhhtthhhtttthttthhhttthhxhthhxtttt"
"alexandraS",43,"1MXN","t","txthhhttthhhhhtthhttthhhhhhtthxhhhhthtththtthhtthhthhthhthhthhtxhtthhttxhxtttthhttthttthhxhtthhthhhthhhhtt"
"alexandraS",44,"1MXN","h","httttttththtxttxtthhhthhhththhttthtttththttthhhxxhhxhtxthhttthhtxtttththtttthxhtttxhhhhhhthttxttthhthhhhthhtth"
"alexandraS",45,"1MXN","t","thhhtttthhtxthhhhthhxthttttxhthhhtththttthhxhhhhhxhhhhxhhthhtthhthhxhhthtthhhtxththtxhthtxtxtttxhhthththhttthhth"
"alexandraS",46,"1MXN","h","httxhhhthhhhhhhtthxhtttthhhhhhhhthxhttttthtththxhtthtttxthhhtthhxthtthhhthhhhhttxthhthhhhhhhhthtthhthththhh"
"alexandraS",47,"1MXN","t","htttthtxhxhtttxtxhtttthhhthhthhhhththhxhtthttxhhhthhhtxhhhhthhthttxththhxxhhhhhhxhhhhxhhxtttxtththhhthtxtxtthxtxttxhttt"
"alexandraS",48,"1MXN","t","hhhtttxhttxtthtxxhthhthhthhthhttthttthhththtthxhthhhhhxhhhthhthhtttttthhhhhthhxthxhhhhhtttxttxhthtthhtthxhhhttt"
"alexandraS",49,"1MXN","t","ttxtxxtthhhhthhtttthththttthhhhhthhhthhhtxhththtthhththxhxxtththtthxtxthtthhhhhxhtthhtthhthttthtthhhhtxthhthhhh"
"alexandraS",50,"1MXN","t","thttxtthhthhtxhtthhhxhhthhtthhhttttthhhhhtthhhhhtthhhhtththhhttththhhhthxhthtxhtththxthttthhhthhxhthttxhhhhh"
"alexandraS",51,"1MXN","h","hhtttxhttthhhththththhhtththhthhhththtthththhhtttthhtxthttttttththhxhttthhhhhthhtttttttthxhhhhhttttttxhth"
"alexandraS",52,"1MXN","t","hhthhtxhhhtttthhthtthththththttttttthtttthhthhtttthttthxhhhtthhttttthhhtthtttthhthhhtthhhtthhthththxthh"
"alexandraS",53,"1MXN","t","hhtthhhhhhttthhttthtthxhhxhttttthhhxhtxhhhhtttttthhthhttththhhhhthhhtthhhhtthttxththttttthtthtttthxxxhthttht"
"alexandraS",54,"1MXN","t","hhthhhththtxttthttttttthttttttthhtttttttttthhttthhhhthhhtthhttththhththhtthththxthhhthtthtthhhhttthhth"
"alexandraS",55,"1MXN","h","tttthttthhththhhhththtxhttththhthththtthhhthxtttxhhhthhhthxthhthhhttthhhtttxtxxtttththtthtthhhthtxthhhhthhhh"
"alexandraS",56,"1MXN","h","tthhthttthhhhhhhhhtthhtttttttthhthhtttxhhthhtxthhxhththhhhhthhttxhthhhhthhttttxthttthhthtttxhhthhthhhttttt"
"alexandraS",57,"1MXN","h","tttttxthhhthxhttthtttxttthtthtxhhtxhhttxttthhhhhththtthhhhtttthxxhthhhhhhtthhttththhtthtttttthttttthhhtthhht"
"alexandraS",58,"1MXN","h","tththhtthhtttthttxhhhhttthtthttxhxhhhhthththttthtxhxttttthththhtthhtttththhxtxtthtttxthtththtththhhhttthhxtht"
"alexandraS",59,"1MXN","t","ttthhxththththttttthhtthxttthhthhxhhthhthhhtxtththhhhthhxthhttxtthhhhttttxhhhthhxhhhthththhtthhtthtxhhtthtxttt"
"alexandraS",60,"1MXN","t","tthhhthhtttttttttthttththhhttthhtttttthhthhtthtttxhhttttthhtxttthhhtththhththxxthtttthhttthtttttthhthxthxt"
"alexandraS",61,"1MXN","h","hthhhhtthhhthttththhxtthhththhhhthttthtxhththtxthtththhhxhtxhtttttxhhhhhtttxthhhtthhhthhtxhhththtthhhxhhththt"
"alexandraS",62,"1MXN","t","tthhhhhthtttthtttxhhthhhthhhhththhthxhthhhhtthhhhhthththhtxthhhtthhhhtttttthhhhhtththxhxtxhtththhhhxhththth"
"alexandraS",63,"1MXN","h","ththhthhthhhttxhhthttthhtthhhttththhhthxthhhhhhhhhttxhthhthttthhhthhttthtxhhhhtthhhxhthhhhhthhhhhhhxthttxhh"
"alexandraS",64,"1MXN","h","xhtththhttttthththhththhhhhtthhhttthttthhhhttttxththtttthttxthtttttthhtththhhhhxthhhthhhhththttxhhttttxtth"
"alexandraS",65,"1MXN","h","htthththhtthhhhttxthhthhthhhtththhhhxthhhxhhhtttthxtxthhtthhhxthhthtxhhhthhtthxhthhhhhhhhhhxthhxthttttthxtththh"
"alexandraS",66,"1MXN","h","htthhhthtthhxhthhxtthhhhxththttxhhhhtthhhtthtthhxthtttthhththtttxthhhhtxtthhhhththhhttthhtttthttttthttthhht"
"alexandraS",67,"1MXN","h","htthtttthttttthhtthtxtththhthhthtthtthtthhhthhttthhhhhhttthhhttxhththtthtthttthtththhtthtttttthhxthttth"
"alexandraS",68,"1MXN","h","thhttthhhhtthhtththxhhhhhttxxtthtthtthxhthtththththxthhhhhthtthhthhxhhhhtxtthhhhhhthththhhhtxhttttxtttthhttxth"
"alexandraS",69,"1MXN","t","htthxhhthtthhtthhthhhtththtththttthttttttthththttttthttththhthhhhthhthhhhhththhhhhhhhhthhttthhtxhttttt"
"alexandraS",70,"1MXN","t","tttttxhhhxtthtththtthhttxhthtttthhttthhttthhhxhhhththhthththhththhttttthtthtxthhttxhtttthttthxthhthttththhxh"
"alexandraS",71,"1MXN","t","xhhthttxhtthxthtttthhthtxhthththtthtxthttthtththhththhhtththththhhhhhthhthtttthtthhhhtthhttttthtthhtthxttt"
"alexandraS",72,"1MXN","h","thhhhhtttttttththhthhtthtxthththxhtthtttttthtthhhtthhhttthhttthtthhtxxttthxttthxthtththxhthtxtthxthhhtthhhtth"
"alexandraS",73,"1MXN","h","xttttthhhhhtttthhhxttthhhtttttttthtthhxtthhtttthththhhtthxttththttttththhttthtththhthhhhttthththhtthxhtht"
"alexandraS",74,"1MXN","t","hxthttthhtthhttttthttthtthhxthttthtthhtthhhhhxtttthhhhtttthhtttxtthttthhthtthtxtthhxtthtttttxtttthtxtthhhttt"
"alexandraS",75,"1MXN","t","hthttthhhhhththtthhhttthhxthhhtxhhxhtththhthhhthhhttthttttthtthttthhtthtttthhttthhhhttthhhtthhhxhttthtxth"
"alexandraS",76,"1MXN","t","htthhtthttthhthhtththhhhttthtttttththtthhhhhhttttthhhhthxththttttthhhttthhtthhtthtttthxthhthttttttxxthtt"
"alexandraS",77,"1MXN","t","hhhtttttthtttthhtthtxhthhhhthttthtthttthxhhtttthhhthththhthhthhhtxhxthxththhttthhxhttththhttthththhtxhhhhhh"
"alexandraS",78,"1MXN","h","hthhhhtttxttththhxhhhtxthhhxxthtththhhthxhttthxtthhhtthhhhthtthtthhxhtthhthhxththhhthhthtttthhhttttthtttthhtt"
"alexandraS",79,"1MXN","h","httttttthttxttttthhthhhtxxhhthhhtttttththhhttthtxthhhthxhhhththhtttthhhtthhhtthtthhttthhthhthhthtthxhhhthh"
"alexandraS",80,"1MXN","h","xttthxtxttttxthhhhtthhhtttxtthhhtthhhththhthhtththhhhhhhhthtthhtttthtthttththhhththhhtthhtthxthtthhttthttt"
"alexandraS",81,"1MXN","h","xtttxhtthttttxhtttthhhthhhtxxhhththtxhhhxxtthttththhthhthxhtttththtthhtthttthhtthttthxhhhhttthhthhthhtttthttxht"
"alexandraS",82,"1MXN","t","txtthhthhhtththhthhhtthhhthththxhhhtthtttxtthtttthtththhthhxthhtxhhhhtttthhhhhhhtxhhthhhthttttthhttttthxhht"
"alexandraS",83,"1MXN","h","thhttthhthttthhtttthhhhhhttthtthhhxhhtttthhhhththhttxththhtththttthhhthtthhhththtthtthhxhhhthxhtththhthxt"
"alexandraS",84,"1MXN","h","hhhtththhthhhhhxhhtttthhxthxhhtthhtthtthhththhhhhhtththtthhththhhhtxtxttxttttthhhthhthtthhhhhhhtttththtthxttthtthttxhhthththhtthhhttttttthtthh"
"madlenH",1,"0.5EUR","h","ttthxhttttttthttxhthtthxxhtttxhhhxhhhthhhhtthhhxhhxxttthhhhxxthhxhthhhxhhhttxthhhtxthxhttthtthhxhthtttxhhtxtxhhtxhhhhhtxtt"
"madlenH",2,"0.5EUR","t","thtthhxhtthttththxxthhttxtthhhhthtxhhttththhhththtththhthhththtxxthtxthhxthhhhhhhhthhxhhhhttxtxtxttthhhhhhtttttxhxh"
"madlenH",3,"0.5EUR","h","thhhhhthxttthtttttttxhtttxtthhhhhtthhhhhhhtttthhthxthxhhxxhttxtthtthtthxhhhttxttthhxhxttththhthhtthxtxthttttthhhhh"
"madlenH",4,"0.5EUR","t","thhhtthhtthhthhtttttthhhxhhhhtthxhhhhttthhhtthtthhhhxhhhhttxttthttthhthtthhhxthhthtxthhhthtthhxhhhthhthhthh"
"madlenH",5,"0.5EUR","h","ththtththhhtthhhhhttthhtthhttttththtttthhhtxthhtthhhthttthhtttthhthhxhxhttthhhthttttxtxtthhhhhhxhtthhxttthh"
"madlenH",6,"0.5EUR","t","thxhxxhhtthtththhttthhhthhtttxttthtttttxttxtthtttthhttthtthtttthththhthxhhthtthhttttthttththhhtthttxhhxhhxtthh"
"madlenH",7,"0.5EUR","t","thhhxhttththtthhhhhhhhtthhhhtttttthhhthhxttthtthtttthhhtttththhhhtttthttxtthxtxhthhhtttthttthttxhtthtttttt"
"madlenH",8,"0.5EUR","h","httttthhtxxhththxtttthhtttttthtttttttxttthhtxthhthhtttthxxhthtthttxthhhthhhttxxxxttthhthtthxthxhttxhtthhxthtthtttxhht"
"madlenH",9,"0.5EUR","t","hhthhtthththhttthxthtthttthxxthtthhtththhxthhthhhtxhhtthxxthtxthttthhhxhxtttthhhttttttxthhthhthhhttthxttthhttttt"
"madlenH",10,"0.5EUR","t","hhthtththtththhxhhtxttthhthhhhtthtthhhthththhhththhthtthtxtththhhhhhhhtxhttxhxthttxtthxtxxtxtthhthhhxhhhttththhh"
"madlenH",11,"0.5EUR","t","ttxttttxththhhththttthhhhhttthxxxtttthhhhhthhthttttxhtxthttthhhxtthttthtttthhhhthxhhttththttththhxhhhhhhtxhhxhxtt"
"madlenH",12,"0.5EUR","h","tthhhhtthhtttttthtxhxxhhththhthhhhhttttttttthttttttthhhtththhhhhhtttthtthxhhthhhhtthhtthhhhhhhhthhhhttth"
"madlenH",13,"0.5EUR","t","xhthhthtthxthtxtttthhtthtththtttxthhhhhhxhttxhhthxhtttthtxtthhthhhhhhhhhtxtttththhxxhthxthtttttxhhtthhxhhtxhtthhhhxxh"
"madlenH",14,"0.5EUR","t","htthtthhtthhthhhhhhhthhttxtttthxhthhhtttttthxhthhttthtxhxhtxthxhhxttttxtthhtxtthhtxthhthxhtttxtthhxhhxtxhthhhhttxttth"
"madlenH",15,"0.5EUR","h","ttthththxtththtxhthtttthtththhhtthhhhttttxxttxttthttthtthhhhhhtttttxhhxthhthtthhhtthhtthxxtxhtthtthhxhtttththhxh"
"madlenH",16,"0.5EUR","t","tttxthhttthhhtxthhhtxtttttththhhxtthhhxthhtthhhhtxtthtxhhtthhhthttxhthtthhhhhhhhxhttthhxhttthhtthhhhxhhxhhhhthtt"
"madlenH",17,"0.5EUR","h","tttxtthhhththhxhtxthxtttxtthxhtttttxhxthtttxthhthxtthhhhhhxhthhttxthttxtttttthxtxhhthxhtthhttttxhhxhthhhhhxxhhththththth"
"madlenH",18,"0.5EUR","t","xhxthttthhththtxhthhttttttthhttththththhhtthhhthxttthhhxhxhxhtttttxththhtttttthtththhhhxhhhhhtthhhhhthxhttthtt"
"madlenH",19,"0.5EUR","h","ttthhhxxhxhthtththhhttxtthttxhhtthhxhtthhthhhhthhhhhxhhhhhhhthhtxtxhthtthhhhhxthhthttttththtthtthhhhtxhxhhthtthh"
"madlenH",20,"0.5EUR","t","ttthththttthhthhtxhhhhhhttthhhhthhhhttthhhxhththhhththtththththttxttttthhxtttttthththtthhhhthtththhxhthhh"
"madlenH",21,"0.5EUR","h","hhhtthtttxthththtttthhhhhthhtxtththtthhttttttthtttxhhthhhttxhhthhxhtththxhthhhhttxttttttxhhhtttthxhhhhtthttht"
"madlenH",22,"0.5EUR","h","xttthhthhttttttttxttthxhththhthhhxhthhhhhhhthhhhhhttthhxthxtthtttththhthhhhhhtthhtththhhthhhhhhxhhxhthtxthhhh"
"madlenH",23,"0.5EUR","t","thhhhtthttththtxxttttthttttthhtthhhhttttthtttththhhhxthtxthttxtthtthttththxhhhthxhhhttttthhhthtttthxthttthhh"
"madlenH",24,"0.5EUR","t","htthhhhthhthhhthhxthhtthxttttthhhhhhhthhhttthttthttththtthtthhttxhthhttthttxhhhhtthtttththttttxhhhthtthxhh"
"madlenH",25,"0.5EUR","h","ttthtththhxxhhthhxthhththhhhtttxththhhttthhhhthhthhxhxthhththtthttttxhhtttxxttxthttttthhtththththxttxthhhthhhtxth"
"madlenH",26,"0.5EUR","t","thhhtxhttthtthhthhthxththtthtthttthhttxtthxhthhtxhxtttthhthttththhththhxtththhhththxhhhttxttthtthxhhhthhthhtth"
"madlenH",27,"0.5EUR","h","hhtthtxhtthhhhhhtttthtttththtttxhhthththhhhhhthththtththhthxthhtthtxhtttthttthhtxththththhhththththththth"
"madlenH",28,"0.5EUR","t","hhttthhhththtxhttttthhhhthhhhhhthtxttttthhxhhhttthhhhttxhhhthhhhttxhxhhtttxhxththhthtxhttththhhthtthtthtxhthtt"
"madlenH",29,"0.5EUR","t","hhttxthtttthhththtththhxhtxthtttttthhhththtxhhhtxhxtxthhthtttxhttththxhthttththhthtthththttxhxhhhthththhhttthth"
"madlenH",30,"0.5EUR","t","htthtthththhthhthhthhhtxhthttxhtxththtthhttthtthhtttthhhththtthhthhhththhhhxthttthtthttthxhhttthththhhxhtt"
"madlenH",31,"0.5EUR","t","hthhhhthhthhtthtthhthththhtttthtthxtthhthtthhhthxhtthtxhhtxthtthxttthhththttthththhtxttxththhhhhthxhththtxhht"
"madlenH",32,"0.5EUR","t","hthhhhhhhtthththtthhththtthhththththtththththttxtthhhhtxttttthhxtththhhthttthhthtttththththtththhtthxthh"
"madlenH",33,"0.5EUR","h","tthhxhthhxthtthhthtttthththttttttthththxthhhthhhhthttththttxtxththtthththhhhhhhhhhhhhhhhtttttttththhhhhtht"
"madlenH",34,"0.5EUR","t","tthhxxhhttttthtthhhttxttttxttthhtxhhhthhthhttxttxhttthhththttttththhxthhhththtththtthhtxhthttthtxththttthhxhhhxh"
"madlenH",35,"0.5EUR","h","htththxthtttthhhtxttthtttthhhhtththxhxxthhtthxtttttthtthhhhhhhtthtttthththththxxhtththhtthtxttthhthttthhtxhtxtt"
"madlenH",36,"0.5EUR","t","htthhthtthtxtthttttthhththttttttththhtttthhhhtthhhhhttththxthhhtttthttxttxtttthhhhtxthxthhhhthhtttxhhtxthtxtt"
"madlenH",37,"0.5EUR","h","xthtthtxhhttthhhthhhtthhhttthttxttxtxtttxxttxthxtththhhhthtttttthtthhthhtttxttxtxhhhttthtttttththxhthhttttttttthtt"
"madlenH",38,"0.5EUR","t","tttthtthhhhhxxthxtttxhtthhhttxthhttxhtthhhtthhthttttttxhtttxhtttthththtthhtttxthttthhthhxththhthxthxthtthhhxhhhhh"
"madlenH",39,"0.5EUR","h","tttthtttttthhhthhhxthtttthxhhxttxttthhhhhthtththhttthhhtxttxhhhtxttththhhhhthtthththhxttthhhtxhhthtththtthhxtt"
"madlenH",40,"0.5EUR","t","ttttttthhhhhhtthtththhhtthxthtttthththxhtthtthtththtthtthhhtththxhhhxtthxttttthhhhhhhttttxthhhhtxthhtthtttt"
"madlenH",41,"0.5EUR","t","tthttttxthxhhhhthhhttttthhtthhttttthththxthththhhthhttxhthxtxhhthxthhhthhhttthtthxhhhhhxtthxtxthhthhhhxxhthhhhhth"
"madlenH",42,"0.5EUR","h","httttxhttttttttthhhtthttthxhhhtxthhhhttxxhttttxhhhhhhhhxhhhxhhttttttxhthhhxhtthhhtthhttttttthtxhhtttttxttxhhxhhthxt"
"madlenH",43,"0.5EUR","t","htththhtxhthhhhhxhhthhhxhttttxtthhhthttttttththtthhxhhxhtttxhhttthhhhthhtttthtthhttxtttthhtththhthtttxtxxxtxxtxxxhhhxt"
"madlenH",44,"0.5EUR","t","tthtththtxtthhhtthxhtxththhthhhhttthttttthxhhthhhxxhhhhtttxhxhtthththttththxthxtttxttttththththhhhhthhththhhhth"
"madlenH",45,"0.5EUR","h","thhttttxhhhhhtttttthhxthttttththtxhtthtttthxhtthtthhhththtxtthhhtthhtthhhthhhtthtththhthttxhhhtthhhtthhhtt"
"madlenH",46,"0.5EUR","t","ttttxtthhhhthhthhhhhhhhththhhhhhtthhttxhtthhthhhxhttthhhhhxhhhtttttxtttxhthxtttthtxhtthhtthttxhththhhxhthxttthh"
"madlenH",47,"0.5EUR","t","tththhhttthxhththtthththtthttththxtttxtttthttttthththxtthttttthhthxtthxttththhththhttthtttttthhththttthhxhh"
"madlenH",48,"0.5EUR","h","xhhhhhtttttttttxththhhhthtttthtththhttxhthhhxthhttttthttthththhttththhhhhhthhtttthtttttxtxthtthtthxhthhtthh"
"madlenH",49,"0.5EUR","h","thhhttthhthxhhttxhtthhtthhhthhtthhhtxhttttttttththtxtthxtthhhhttxthhhtthhhhthhtthhtthhhhhttthtththhhttthhh"
"madlenH",50,"0.5EUR","h","thhttttxhhtxhhthththhthhtthhhtthtxhthhthxthxhhtttxtxttthhttxththtthhtttthxxththhhtthhhhthtththhthxhhhhhhhhhthtt"
"madlenH",51,"0.5EUR","h","hhhttththhthtttthhhhtttxhhttthhtthtxtthhtthhttttthhhhxthhxthhxtthhtthhtxthtxhthtththttththtttththhhttttthht"
"madlenH",52,"0.5EUR","h","hhthhhhhtthttxhhttttthhxtthttthththhthththhhhhhttttxtxtxtthhtththxhtthttthhhhhthhhttttththhthttthhtthtxxtthh"
"madlenH",53,"0.5EUR","h","thhttthhhtthhhhhttthhhhhthhthhhhhhhththttthtthttthhthhhhthhtthttthhthhttthhthhhhxhhxthththhthhhtxhttthtt"
"madlenH",54,"0.5EUR","t","thttththttthhtththtthhthttthtttthhththhththtxxhttthhhttttxhthhththhthtxhhtthxhhththxhhxhthhhtxhhttthtthht"
"madlenH",55,"0.5EUR","t","hhhttththttthhttttthtthxttththhhttthhtttthhhtnhttthttthhthxtttthxhthtxhttttttxhhththxthhhtxththtttthhttthh"
"madlenH",56,"0.5EUR","h","thhththhthhttthhhtttthtthtthtthhthxthhhththhhhhhhhtthtththhhhthhthxhhhhtttthththhthtthttttthtthtttth"
"madlenH",57,"0.5EUR","t","htthhhtthtxhhhhhttttthththhthtthhttthhthhhhhhhthttthththhhttxthhhthhhhtthhtththttttthtthtthxxhtthththhxtt"
"madlenH",59,"0.5EUR","t","xtxhhtttthxhthhhtththhhthththtthhtthtxhhxtttthhhtthhthxhtttxhttthhttttxhtththhhttthtthxtxthxhhhthhhthtttxthhhtxxht"
"madlenH",60,"0.5EUR","h","htttththttthhtxhhhttthhtttxhxhhhtthxtttxhhxhtttthttxthhtxhthttxhthhthhththhxtttthhhttxthhtttthhhthhhhhtxtttxthxtht"
"madlenH",62,"0.5EUR","h","hthhhxttxtttththtththhhhthttxthhtthhtttttthhhttthhthhhhxhtthxtttthththttttthtxthxhtttttxtthhhthththhtththxhhhh"
"madlenH",63,"0.5EUR","h","hhxhttxhhhthhhttthtttxhthtxtthtthtxththhhhthhhtxhtthhhhxhthhtthtthxhhtttxttxthhtthtthxhttttxhtthhhhtthxtthttttxhhtt"
"madlenH",64,"0.5EUR","h","txtttthhtthhxhthhhttthhthxhxthhhthhthxhttxhthhhtthhhtthttthhtxhttthhhhhtthtttthxhthhxthththtthtttthhhxhhhtttht"
"madlenH",65,"0.5EUR","h","thtthhthhtxttttthhtthtxttttxhtthhhththhhthhthhhtthhhtthttthhtttththtththhxththhxttttthhhxhhhhttthhhhhhtxtth"
"madlenH",66,"0.5EUR","t","hhhtththtxttththhtthhtxhtthhhhthhxhhhhhhhtthhthththxhhhthtthtthhthtththtttttthtthttxtthhhthhxhthhxtttttthtt"
"madlenH",67,"0.5EUR","t","xthttthhhhhhtththhhhthhttthxththtxttthhttxttttthhhxhthhtttthhtxhhxththtthhtxthhhtttthhhhhhhhttxtxthhhthhhhhhtt"
"madlenH",68,"0.5EUR","t","ttttttthhxhthtthhthhhhhthhttthtththhthhhhhttthxththththhhthxhhtthtxthhtxhhhhtthtttxththhhttttthhhhhhtxtthth"
"madlenH",69,"0.5EUR","t","hhtttthhhthththhhthxhhhttthhhththththhtttththhhxththtttxhhxhhtthhththhhhtxhthxtttxtthhththttxhtttthhtthxtthhh"
"madlenH",70,"0.5EUR","t","htttthtthtxhttxthhtttxhththtxhhhhhttthhtththththttthhhhhthhthhhhhtthhhtthhhthtttxhhtxthhhthtthththxhxhthhhxht"
"madlenH",71,"0.5EUR","h","xhhhhtthhhxhhhtttthhthhhhtxttttthhthxxhtthttthtxtththtttxtttththhhhhhhhhhthhxtthtthhtthhhhtththhthhhthhtttxht"
"madlenH",72,"0.5EUR","t","tttthxhhthtthhhtttttthttththhhhhtxthththtthhhtthhhhthtxtthhthxhthhthxttttthtxhtxhttthttththhhthththhhhhthth"
"madlenH",73,"0.5EUR","h","hhhhthhhhhhhhhxtthtxhxhhthtxttththththxtxhthxhththttttthhhhtthhttttxhxthhhththxhthhhtttththxtttthhxthhhtttttthtt"
"henrikG",1,"2EUR","h","hhttttthththhhthhthhhhhhthhtthtthhtththttthhthththththhttthtththhtttthhhhhhthttthhhtthhhthhthtttthh"
"henrikG",2,"2EUR","t","ttththhhttttthhthtthhthttttttttthhhhhthtthhttthhtthhhtthhttthhhhthttthhttttttthtxtthttttthhhhhthhhth"
"henrikG",3,"2EUR","h","hthhththtthtththththhttttthththttthhtththtttththhtthtthtthhhththhhhxthttthhtttthhthhthhttthththhthhhh"
"henrikG",4,"2EUR","t","hhththhththththhtthhhhhthhhthhththhtthhtttththhhhhthtttthhtthtthttthhhtttttxththhthhhtthtttttttthtthh"
"henrikG",5,"2EUR","h","ththhhtthhtttthtthtthththhtthtxthhhhhhhhhtthhhhhtttttthhthhtthhhththhhthttthhhhtthtthhthttthhxhhhtthtt"
"henrikG",6,"2EUR","t","hhththhthhtthhtthttttthhttthhhtthhhttttttttthhttthhtthhthhhtttthttttxththttttxthhththtthhtttttthhtthth"
"henrikG",7,"2EUR","h","thththhhhhthttthtthtththhthhhtttxhhttthhtthtththhtthhtthtthhhhhttthhhhthhthhhthtthhttttthhthhthttthxhh"
"henrikG",8,"2EUR","t","hthhtthhhthththhhtththhthttxththhhtthhthhththhthtththhtthhhhhtttttthhhtththtthtttttttthhxhthtthtttthtt"
"henrikG",9,"2EUR","h","hhhttththtttthtthhtthtttttthtthtthhhttthhttthhhhththtttthhhthxtttthhttththtthtthhhttthhhxhhththttthhhh"
"henrikG",10,"2EUR","t","tthhtthhhhtthhhhththhhtthhthtttththxhhthhtthhhxhhtththtthtthhhhtthhthhhhhhhtttththttthhthhhtttttththhh"
"henrikG",11,"2EUR","h","hththhttthhthhtthttttththtthhhhhhthtthtthtttthtttthtttthhththhhhththhttthxttthtthtthtxtthhttthtttttht"
"henrikG",12,"2EUR","t","hthtthhthhthhhhtthxththtthhhtttxtttttttxtxhxthtthxththhhthhtttthhttttttxthhxttthhththththtttthhtxhthtthhhhtt"
"henrikG",13,"2EUR","h","tthhhhththtttthhhthtthtttthhhthhtthxxhtthhthhtthhhttttthtthhtttthhthhththhhtttthhhhththtttthhhhhxhtttth"
"henrikG",14,"2EUR","t","hhhthhtthtthhtxttththttttthhhhthhhhhhtthhtthhtthhhhtthhthhtthhhhhtthhttttthxtthhhthttxtththtthttttttthh"
"henrikG",15,"2EUR","h","tttthhtttththhththttttttxthhtttthtthttththhhthththtttththhhttththttttthhththhhthhhthxhhhthhhthtthhhhhh"
"henrikG",16,"2EUR","t","ththhhttthhhttttxtthttthhthhhhhhhtthhhththhhtthhhhhhththtttthttttthhhththhhthttthtttttthhthhhththhttth"
"henrikG",17,"2EUR","h","hththhthhhhtttththhhhttxtthhththhhhhhtttthtththhhhhhhhthttthhhhhhthtthhhththtxtthhththxtthhhhthtttttthh"
"henrikG",18,"2EUR","t","tthttttthhtthtttttttthhhhhhhhhttthttthththtttttttttthttttttttthtttthhthhhhtthttthhhhhthhhtxthttthhhhh"
"henrikG",19,"2EUR","h","hthxhthhhtthttthhtttthhhhthtttthhhtthththhtttthhhhhththhttthhhhtttttthhhhhtthhhthhthhhhxththhhththhtt"
"henrikG",20,"2EUR","t","hhhhttthhttttthhttththhthhthhhtthhhtthhhhtttthhhhthtthhthhthtttthhhthhtthtttttththxtthhhtthhthtthhhhh"
"henrikG",21,"2EUR","h","htttththhttthttthhthttthtthtthhtttthxhhhhhhhttttthtxhhhtttthhthttttttthhthhhtttthththttthhhhhthhtthtxtt"
"henrikG",22,"2EUR","t","ttttthhththtthhhhththhttththhhhtthhhhthththhhttttthhhttthttttttthhtttthththttxtthhtthhththhhhthhtthth"
"henrikG",23,"2EUR","h","thhhttthhthhhxtthhhthhthtthhhhhhhttthttthhxhthhhhhhhtthhhxhhhttxxxthtthttthtthhhhhttththtththxthtththhthhth"
"henrikG",24,"2EUR","t","tthththttxththtttthhtthththtttttthtthhthttthtthhthhttthtttthhthththtththtthhtthhhthhhtthhthhhtthhhtht"
"henrikG",25,"2EUR","h","hhhtthhhhththhtthththhthtttththhthttttthhhtthhhhhththhhtthhthhhhhttththtxhhthtttthhthtthttthtttthhttt"
"henrikG",26,"2EUR","t","htxthhhttxhhtththththhthtththhhxthttthththththhtxhtthhhhthhthhhhtttttthhhtxthhhhtttttxttttthhhtthhhhhhhtht"
"henrikG",27,"2EUR","h","tthtttthhhhhthhhhhththhthhtttthhthhtthttttthtttthhhhtthhhthhhxthhhhhhtthtthththhhhttthththtththtththt"
"henrikG",28,"2EUR","t","ttthhxhhththththhtthhtththttthhththhtththttththhhhtthxttthhhxhttthhtththhhtttthhhthhhthtxthhtthhhhhtthht"
"henrikG",29,"2EUR","h","hthtthtththhhhththhhtththhhttthttththhthttttthhtttththtthhhthttttxttxthhhhhttttttxhhthtthhhhhthtttthhhh"
"henrikG",30,"2EUR","t","thxththhthhtthhtthhhhtththtttthtttttthhhttttxthhthtthhhhthhhttthttttthtththtthtthhttxhthhthxtttthhtttthh"
"henrikG",31,"2EUR","h","tttththhhtthhhhtttthhxhthththththhhhhxhhhttthhhttthhhhthtthhthtthhhthhhhhthttthhhthhhthththhhthttttth"
"henrikG",32,"2EUR","t","thtthhhhhhhtthtttthtttththhhhhttththtthhthththxhthhhthhtxxtthtttxhhthttththtthhhtthtttthhtthhtthhththtxhh"
"henrikG",33,"2EUR","h","thhhtthtxthhhttttthhhtttthhhhthhhhhhthhhhttthtthttthtxttthxttthhhttttthhththhhhhhtttxhhhhtthhthhhttththt"
"henrikG",34,"2EUR","t","hhttthhxhthhhthttttthttthththhhthhhtthxthththhthtthhhthhhhxthtxhthhhhhhtthhthhxhhhttttththhthhhthhtttthth"
"henrikG",35,"2EUR","h","xtttththxhtttththttthtthththththhhtttthhhhththhthhthxxhttthhhhhhththtthxxtttttttththhthhhthhtthhtth"
"henrikG",36,"2EUR","t","hhtththhhthtthhxtthhhththhttthhtttthhthhtthxtthtttthhththhxhthttttttththxhthhttthhxhthhttthtxttxxxhhhhhthth"
"henrikG",37,"2EUR","h","tththtththttthttththttttthhhhhhhththxtthhhthhttthhhhthtttthtthhhthhhhttthhtthhthhhhhttththhhtthththhh"
"henrikG",38,"2EUR","t","hthtxthhttthtthhhtxhhtxhttthhthttththhhthhtthtthhhhhthhhthhhtthttxthtttttththhhhhhtthhhhhtthhhhhthhhhhtt"
"henrikG",39,"2EUR","h","thtttthhhhhthtttttththttxhtttthhhthhhtxhttttthhththhhhththhhtthttxhhhthtthxxxtthttxthtthtthxhhhttthtthhtthtt"
"henrikG",40,"2EUR","t","ttthththhhtthhtthhhhhttthhttththtthttthttthhxthhththttthtthhhththhththttthttthhthhththhttththttttththt"
"henrikG",41,"2EUR","h","hhhthhhthhttthhhtthxhhhhhhhhhttthhhttthhtttthtththtxhhthhtthxhhhtthhthhthttttttthtxttttthxhhthhhttthtttth"
"henrikG",42,"2EUR","t","ththhxhttthhttthttttttthttthhthhhhhhtthhtttthhththhtttxtthtxhhhhhhhhhhthhttththhthhhhtththhhtxththhttttt"
"henrikG",43,"2EUR","h","hhthhthhthxththhxxhtthtthxththttththtthhxtthhhthtthhthttthtthhhtxhhhthhththhhttthhthtthhhtthxthttttthtttht"
"henrikG",44,"2EUR","t","hthxttthttthhtthththhtttttththhtthtxtthttthttttxhhhthhthhhhhhtthhhthtthhththhhthxttttttxttxthhthhttthtthhh"
"henrikG",45,"2EUR","h","thtththhhththhtttthhxttthtxhhthhthhhhthxthhhthtxhhhhtthtthxthtthhthtttttthtxthhxthhthhhtthtttthtthththhttth"
"henrikG",46,"2EUR","t","ththhhttthtthhththhtththhtttthththttthhththhtthhhtthhhtthxhthththtttthhhhtttthhthhtxthhhhxttthhxhhhthttt"
"henrikG",47,"2EUR","h","htttxtthhhhtxthhhxtxhthtttthhhhtthththhththththhtthhxttxthtttthhhtttthhtxhhthththhtththhthtthxthhtthxthhhthhh"
"henrikG",48,"2EUR","t","hhtthhhhttthhththtthxhhhtthtttttthhththhthttxhhhhttththttthhthtxhthhhttthhthttttthhhhhhhhhththtxxhhtxhtttht"
"henrikG",49,"2EUR","h","httttththtttthhthtthhhhthhttthhthtttttthhtthhtthhhhthtthttthhtthhthhtththhthtthttthhthtthhxhhxttthhhth"
"henrikG",50,"2EUR","t","hhhtthhthhttxtthhttthxtthhhhhtttthhhthhhhhthhhhhtthhthxhthxthhxhtthtthtthhththttttxththhthxhxttthhthtxhtthtt"
"henrikG",51,"2EUR","h","thtthhttthhhthhhththttthtthhhttthhhttthhthtthhhtthtthhhhhtthhthhhxhthththhhhhttthhthhtttthhxhtthhhhht"
"henrikG",52,"2EUR","t","htththhttttthtxtthtthhtthhhttthhttthtttthhttxhtttthhhtthhththtthhhhtthxhhtthhhhhhtthxhttthtththtxttthhhtt"
"henrikG",53,"2EUR","h","hhtthththhhhxthttttthhthhxhtthhtthhtttthhthhhxtththhththxtthhhthxhthhtttthtthxhthxthhttthhtthhththhhhhthhth"
"henrikG",54,"2EUR","t","hhxtthhhthhtthhhhtthhhhthhhhthttththhtthhhxtthhttththhtttthhtxttthhthhxthhththhhxhhhtthxhhhthhhhhhtttttttxt"
"henrikG",55,"2EUR","h","htththtttthhhthhtttthtthhtxtthhhxhhthhhhthhtttththhtthxttxxttththttthtthhhhxtxxhhhhhtthttthhtththhtthhhthtt"
"henrikG",56,"2EUR","t","tthttthhhhtxtthhhhxttththhtttttttttttthhhtthtxhtttthtxhhtthhttttthhhxtthhhhthttttxththxhhhhthttthttthhhthh"
"henrikG",57,"2EUR","h","ttththhhthtthhthhttttththtttttththhhhthhhhtththhhhhtttxhthhttttthtthhthhtxhhhthtththhhtthhththtthxhttxht"
"henrikG",58,"2EUR","t","hthhhhtthhxthtththththtttttxhhhhhhththtxttxtthtthxtthttxtttxhhththhthhtthtthtthxtxhhhtthhththtttthhhtthhhhttt"
"henrikG",59,"2EUR","h","ttthtthtththhhhhthhthhhtxhhhttxhhhhthhttthhththhhhtthtthtttththhthththhhtthhhhthtttththttxttttthtthhhtt"
"henrikG",60,"2EUR","t","tttthhhhhhhthhttththhtthtthttthhhhtxhttxtthtthththtthttthtthththhtthhtthttthhhtthhhhhthhtthhthhthhhhht"
"henrikG",61,"2EUR","h","tthhttthhthhthhthhhxtthhthhhthtththtthtxhhtttttttxttttththxhhtttthhtxhthhttttththtthhthhxhtthhxhthxthtththth"
"henrikG",62,"2EUR","t","ttthththtthhthtttthhhththhthhtthttttthtthhhthttthhhhhhtthtttthhhtttttttthhhhhhtththhtthtthtthtthhhtt"
"henrikG",63,"2EUR","h","hththhhhhhtxhhtttthhtthtthhhttttttttthtttthhhhhhthhtthhhhhhtthtthhthhhhhhhththhhthtttthhthhhttttthhht"
"henrikG",64,"2EUR","t","htththtthtttttthhtthththxhhthhhhttthhthththttttxhhthttthxhthhtthtthhhhtttxhthhhththhhthtthhtthtthhtttth"
"henrikG",65,"2EUR","h","htthhhthttxttttxhtthhxtthhxthhhthhththhhhtthttthhhtttthhthttthtxhthhhthhthhtxtxxhhthhtthhhhtthhhxtthhthhhtthh"
"henrikG",66,"2EUR","t","hhhhthhthhthtttthhhhhhhtthtthhhtthhhhhhhtthhthhhhxtthhhhtthhthhhthhthhttthhhthhthttxthhtthhtthhhtththt"
"henrikG",67,"2EUR","h","htxthtthhhthxtxhttttththhtthhhhttxttthhhhthhtthththhhththhhttthhthttthxtxthhthttthtthtthtxththththtthhttttt"
"henrikG",68,"2EUR","t","hhhhththhhttttthhthhtthhhttttthhtthtthxhtthhhtthhhhttxthhhtxtttttttthhhthtttthhtththhthhhhhtththtthtttt"
"henrikG",69,"2EUR","h","hhthtthhthhhthhhtttthtththhtttthhhxttththhxtttttxhtthhxhxhhthhhththhhhhxxhtttttththtttttttttthhhhhxhthtthhhh"
"henrikG",70,"2EUR","t","tththhthhtththhttthttxhttttttttthtththhthhtthhhhttthhttthhtxtthhtthtxhhhttthtthxtthhthhththhtttxhhhhtthht"
"henrikG",71,"2EUR","h","hhtxxtthhthhhhthhxhhthhttttttththhttthhthttthhthhhhhhttthhhhhthhxhhxtthhhthhthhththhhhhtttthhhhhhththtttt"
"henrikG",72,"2EUR","t","hhthhhttthhhthtthhhhhhthhhthhhhtthttthtttxttthhhhhthhthhhhhthtththtxthtththhtttthhthtttxtththhhxtttthttt"
"henrikG",73,"2EUR","h","hhthttthhthththhhhthtttthhhhttttthttthhttxhhhththhhhthhthtththhttthtthtththhhhxttthtthhtthhhtttthhhtht"
"henrikG",74,"2EUR","t","hhhtththhtthttththhtthtththttttxhhhhxtthtttththhhtttththxthhhhxththhhhttthxthhthhtthhtthttthtthxthhhthhtht"
"adamF",1,"5ZAR","x","xtttttthtxhhthtthhththhthhhhhhtthhhhhhhhthhttxtthhthhtthhxttttthhththhhhthhhxttxththtthhthhhhttttthhxttthhtt"
"adamF",2,"5ZAR","t","htthhthhhhthhthththththhhttttthtthhhhhththhthhtttxththxhhhxhhtttththhhtthhththhhthhhhtttttthhhhhtthtttt"
"adamF",3,"5ZAR","t","hhthhxtttthttththtthtthhhtthhhttthhthttttththxthtttthththhttthtttxthhttxttxtttxhthtthxhhxtthhhhththhhthhht"
"adamF",4,"5ZAR","t","htthhxttthththhtttthhhhhthhhhtttthttttthhhtthtttttttttthtthtthhhhhthhhhhhtttthtthhtthhhhxhxttththhhhthtxth"
"adamF",5,"5ZAR","h","hththhhttthththttthttthhthhhthhhhtxttthhxttththhhhhhhhhttxhhhhthtttttttttthhthththtththhhhthhhttthxtthhxtthhthhthhhhthh"
"adamF",6,"5ZAR","h","txhhttthhhttxthxhxhhhthttthtxhhhttthhhttthhhhttthththhhhthhhthhhtthhhthhhhhhhthtttththttxhhhhhtthxhthhhtt"
"adamF",7,"5ZAR","t","thhhthtthttthtthtttttxhtthhhtttxththhthhtxhtxhhtthttthhthhxthhthxtthtxththttttxttththhtthttththhhhththh"
"adamF",8,"5ZAR","h","hhtxhhtxhhhhhxhhttthhthhhtthtttttththhtttthttxttttthtttthhxhtxhthhhhhhtttthttxhhtthhthhthtthhthttttxtxhhhh"
"adamF",9,"5ZAR","h","hththhthttthhtthhththhhhthhtttttxthhttthththhhxhththtththhhxtttxhtthtxxthttttxttthhhhthxhtthhhhththhththttht"
"adamF",10,"5ZAR","t","hhhxthtthttthhhhtththhthxthtththtxhhhhtxhthtxhthhhhhhhththhhhthtxhttxthhhhtxhhhhttttthttthhhthtxthththhhhhhht"
"adamF",11,"5ZAR","t","thtthhhtxthhhhtttttththtthhhthhhhthttthththhhhtttttxthxhttthtttthhtthhhtthhttttxhhhhttttthxthttttththhtth"
"adamF",12,"5ZAR","h","htttxthhxththtthhththtthtththhhthhthhtththhhhhtttthtxthhhhhttthttththxttxhhhttttthttttttthhtxtxthththt"
"adamF",13,"5ZAR","t","thttthhhhxtthhtttttthtttttxhttthhtxthtthxtttttthhtthttxhthtthtttxthxtttthhtththhttttxthhttxtttttxhtttttthhthth"
"adamF",14,"5ZAR","h","hthhtthhxhthhtthhhttttthhhtthhxhhthhhththxhtthhtxhtttttthhxhththxhhtthhhhtthhthhtthxtttthtttthhhththhhhththhhh"
"adamF",15,"5ZAR","h","hthhttththtthththhththhhhtthtthhttthhthhtttthhhtxhtththhhttxtththhxthhttthhtthttthttxhtthtthtttthxhhhhttt"
"adamF",16,"5ZAR","t","thhhtxthttttthttthhhhhhhhhthhtththhthtxhtxtthtthhthtttxtttthhhttthhthhtxhhttthhthtttthttthhxthhxhthhthtthttth"
"adamF",17,"5ZAR","h","hhhththhtthhthxthtthtthttththhhhhhhhhhtxhhhttththhhhttttthtththtththxtthxtthttthtttttttxthhhtthhthhttthhhxth"
"adamF",18,"5ZAR","h","thhhtxthhthhhthhxtthhhhhthtththhhththhhththtttthhthhhhhhthhxtttthtthttthhtttttttttthttthtttxttttxhthttthh"
"adamF",19,"5ZAR","h","htthttxtttttxhhtthhttthtttxhthhhhhhttthhthtthtttthhhtthttthhhthttttthhhtththhhthtthhhthtthtthththhhtthtxt"
"adamF",20,"5ZAR","t","httththhhhhhhhhhhhhhhhhthhthhhxthtxtthtthhtthhhhhhthhhhththtththhttxhthhtxthhhxttttthhxthththtthhthtthhxhhh"
"adamF",21,"5ZAR","h","hthhhhxhhhtttthhtthththhthtthhhtttthhhhthtththxttxhttthhtthtthtttthtthxhhhtthttthhhhhhthhhhxthhhhhhtthttt"
"adamF",22,"5ZAR","t","thhttthhhthhhtttthtthttthththhhtttththhhhhththhtttttthththhhhthtxttthhthhthhhthhhtxtthtthhtttxthhhhthth"
"adamF",23,"5ZAR","h","hthhthhhhhttttthtthxtthhhthhthttthhhttttttxhtthhhhtttthttttththhtthhhhthtthtthhththhthhhthhthtthththth"
"adamF",24,"5ZAR","h","tthhhtttthxhttthhhhhtthtthhhhhhttttttthttxhhxhhhhhtthhththttththtttthhhhtttththhtthtthththhhhhhhttthttt"
"adamF",25,"5ZAR","t","thhththhhhtthhhtththhtthhhhhttttxthhhttththhttthhhhhhxttthhttxxxttttthhtthhhtxhtththththththhhhhththttthtttthttt"
"adamF",26,"5ZAR","t","tththhhthhhhtttthhhhthtthtththhttththttthhhhthhhtthttxhttththttxthtttttthhttthhxtthxttxthhhxhhttttth"
"adamF",27,"5ZAR","h","thtttxhhhthttthhtthtththtthtthhthhththhtxhhhtthhhhhtthtttttthhthhtththhhthtthhhtthtthhtxthhhhhhthththth"
"adamF",28,"5ZAR","h","thhhhthtthtthttthhtxhhhthhhtthtthxhthhhhhttthhttthhhhhtttxhhhhhttthhtttxththtthhthttxtthhhhhhthhtthhthhtt"
"adamF",30,"0.05EUR","t","thtthxththhthttthxtthhtththhhhhtttththtttttthhtthhhhtxhhxhhttttttxhhtthhhtthxhhtttthttththttthhthhttxhthhhh"
"adamF",31,"0.05EUR","h","tthhtththhhthtthhthxhhtthttttthhhthtththtxtttxthhtttthhthhthhtxtthttthhhhtttthttttthttttttthhxtthttttthht"
"adamF",32,"0.05EUR","t","thttthhhhttthhthhttthtttttthhhhxththttthhttttthhttttththhtthtttxhhhhthhhhthtttthhtttththtthhhhtttttthh"
"adamF",33,"0.05EUR","h","hthtttththhhhhthhththtthhhthhhhhthxxthtthtththhhhthttthtthhthhhthhxthhhhthhtthhhttthhhtttthtxxtttthtthht"
"adamF",34,"0.05EUR","t","htthththxtthtxhtthththhttthhtththhhhtttthhhttttthtttttththhtthhthhhhhttxthttthhhhhtttxhhtthhxxhhhthhxhtttth"
"adamF",35,"0.05EUR","h","ttttthhhtthhthttttttthtthhthththxthtthhthhhthhththttththttxthhxhthttttthhhtttthhhhttthtthtthhhtthhthttt"
"adamF",36,"0.05EUR","t","httthttththhhhhhtthtthhhthtthhhhhhhhthhhhhxhhtttthhthhhhtthxththtthhhtttthhtththtttttthtthhtthtthhhthh"
"adamF",37,"0.05EUR","h","ththtttththttttthhtthhhthhhhhhttthhhhhhtththhhhthttxttttttthhthtthhhhhhtxthhhhhttttthhhtttthhhxhhxtttthht"
"adamF",38,"0.05EUR","t","txttthhthhxhthhhxhtttthththhttttthhtthhhtthtttttttthtttttthtththxthtthhtthhthththhthhhtthtttxhhhthtthhhtth"
"adamF",39,"0.05EUR","h","ththhtxhhtthtttthxhttttttttxtthtthhhhhhhhhhhhhhhtttxthhhtthhhthhtthhthhhttthhtthtthhhhthhhtthhtthhthhttth"
"adamF",40,"5ZAR","h","hhthhthtxhtttthtthhhtththhhttttttttthtttthhthhhhttttthhhthhthtthhhttthtththhtttththttthtttthhthhthtthttt"
"adamF",41,"5ZAR","t","tththhhhttttxhththhthhhthtttttthttthhhhthhhhtththhhxhththhxhthtthhhttththtthxthhhhtthhhhhttthhhthhhhhhthh"
"adamF",42,"5ZAR","h","thhthtttththhhhthhhtthhhtththhhhhttththtthhhhhhthhtthhhthhthhthhhhtttttththhthtthxthhtthhxxhtthtxhhth"
"adamF",43,"5ZAR","h","hthhhttthhhththhhtthhhhhhxhhhhttthtttthhtxhhttththtthhthhhthttthtxhthhhttttttxhtttttthhhhttthhhtthththhhh"
"adamF",44,"5ZAR","h","thttttttththhthtthhtthttthxhhhthhhtthhhttxttthtthhhhththtttthtxhtxhhthhhthhttttthhhhththtthhthtxhtthh"
"adamF",45,"5ZAR","h","htthhhttthtthttttthtthhthtttthtttthtthhhhhhtxtthhhhhtthhhhtthhhhthhtthtxththhhhthhxththhhhthhthhhhht"
"adamF",46,"5ZAR","t","ththtttttttthhhthhhhhtthhhtththhhhhhttththtthhhhhhthhtthththhthhthhthtttttttthhhtthxxthttthhxxhtthtthhth"
"adamF",47,"5ZAR","h","httttthtthtthtththhhhthxtthhxhhhhhththhtththtthhtthttththhtthhhhttthhthhhhhhhhthhxttxxhttthhhhhttthtthttht"
"adamF",48,"5ZAR","t","tttthhhhhthththtttthhthhxhhxhthttttxthhhttthhhttththtthththtttttttxthhhhhhhhhhthhtthtthhththhthtxhhhxhtthhth"
"adamF",49,"5ZAR","h","thtthhththxtthhhhthtttxhthhxhhhttthhxtthhhtthhhhtxthtthhthttthxhhtthththxthththhthttthhthhttthxhtthxh"
"adamF",50,"5ZAR","h","ttttthttthhhthttttthhththttttttttththhhthththhtthtthhhhxhhthhhhhttthtththhhhtthtthttxhhthhhththhthhh"
"adamF",51,"5ZAR","h","hhhttttttthhththhtthtxhhtttthtttthhhxththxhttthhtthtthhhhxhtthththttttthxhhtththxhthhthhhthxttttthhhhhh"
"adamF",52,"5ZAR","h","ththttthhtthhtthththhtththtthhtthtththtthtthhththhhthhthhhthtttxhthtthhthttthththxhhhhhtthhtthhthhthh"
"adamF",53,"5ZAR","h","tthtttthhtthhtthhtthhtthhhxhtttthhthhhhthttxhththhthttthhhhtthttththtxttttthxhhtttthhhtxtthtthtxhhxthhxhthhthhtxhttthtthtthhh"
"adamF",54,"5ZAR","h","hhhtthhtthhhhtxtttxtthhhthhhttthhhxhthhttttthhthtthhhhhtttthhtxhhthhttthtththhhhhhhhxttthtthhhtthtxtt"
"adamF",55,"5ZAR","t","hhhxtttthhthhtttttttthtthhtthhthttthxhxttthhthttthhthhttthtthtttththhtthhhhthhhhhhhthhhhttthhhhthhhhtt"
"adamF",56,"5ZAR","t","hhhthhtthhhhthtththhhththththhhthttttthtthxhhhtthtththtxxhxtthhthtthtthhthhtththhttthtttthhhththxtht"
"adamF",57,"5ZAR","t","tthhhthhhxhhthtxttxthhthtxthhtxttxhththhthhhtthtttttttttthhthhtxtxhthttthhtthttxxthhthttttthttttttttththhh"
"adamF",58,"5ZAR","h","hhttttthhhhhhtthttthttttttthhtttthththhhthhhthhtthththhtthhhththhthtthhtthhhttttthtttthhhththhthtttt"
"adamF",59,"5ZAR","t","hhhhhhthtthtthhhthhhhhtthhhhxhthtxhthxhtthtxtththhhhhhhhhttttxhhttththhxtthhxhhtthhthhhhthhhtttthtxht"
"adamF",60,"5ZAR","t","htthhhttthhttttthhhhthhthtththtthhhhtthhhthhttthhhhtttthtthhhhhhhhhtththhhhthhthhhhhhttthhhtttttxhtxhtthhhthtthtth"
"adamF",61,"5ZAR","h","thhxthththtxhttttttttthttttthhhhxhtttththhthtththtthhhhthtthhthhthhxhhttttxhtthhhhthttttthhhhtxtxhttth"
"adamF",62,"5ZAR","h","httthhhhttthhhththtththhthhxhtthhhhhhxhthhhtththxthhhxhhhhtthhhhththhhhthhtthhthhhttttthtththhtxtthhhhht"
"adamF",63,"5ZAR","t","hthttxttthttttttthhhtttttttthtthththhhxtthhxthtthttththhhttttthhhhththtthxhtthhthhtttthtthtxttthhhht"
"adamF",64,"5ZAR","t","thttxtthhhhtttthhhttthhhththhhhthhtthttttthtthttttthxhhthtxxthhhhhhhtttthththtththhhthhhthhhththhthh"
"adamF",65,"5ZAR","h","tthxhhhthhthhhhttttxhhthtththhhtthhthhhtthhxthtttttthhttxhtthhhhhthtthttthhttthhhhhhhxtxhhthhhtttttt"
"adamF",66,"5ZAR","t","tttthttxhhxttttthhthhttthxhxhhhtthxttxhtttththhhhthhtttttttththththhhhthhhtttththxthttthhththhhtthhthh"
"adamF",67,"5ZAR","h","hhtthhttttttthhhhtthtttxhhhttththtttthhhththhxtxhhtththxththhhhhttthththhhthththhhtttthtthhttxhhhtthtt"
"adamF",68,"5ZAR","t","hhhthhthhthtthhhthhtthtxhhttxthhhtthhhthhthtthtthhhhxhttthhhthhhtxhhthhhhhthhhhtththttthxhhhtttthttt"
"adamF",69,"5ZAR","t","tthtthhhhhtthxtttthhtxttthhtttthtttthttththttthhtxtthththththxhhttttthtthtthtthththtthhhhththttxthht"
"adamF",70,"5ZAR","t","thttthttththhthtthhttththtthhthhtthhthhhthhthhthhhhtthhhhthxhthtthhhhthhhhhhhxhtthththttthtthhhttxtht"
"adamF",71,"5ZAR","t","ttthhthtththtthhthhhhhhthtttxhthhthhthhhtthhtththttthththhttxttttththtthtthhhtththttxttttthhtthhxtttt"
"adamF",72,"5ZAR","t","hhtthhhxthhtxtthhthtxhththhhhhhthhhhhhhthhhhhhthhhhthhhthtxtththttttthhthttthhhhhhhthtxththhhhthhtthxh"
"adamF",73,"5ZAR","h","tttttthhththtttttxthhhttththhhhhththhhhthttththhthtthhhhtthhthtthtthhhtthhhthhtththhhtxhhthththhtttxh"
"adamF",74,"5ZAR","h","httththhhthhxttthhttttththhthtttttthththththttthhhtxhhhthtthttthtttthhthhhththhhthhhhhhttthhhhhthhhxtt"
"adamF",75,"5ZAR","t","hxhhhthhhhtttthhhtttxthhhthtxthtttthhhhthxxthhhttthttttthxhthhthtthxhhthththttttthhthhtthttththtthhhhtt"
"adamF",76,"5ZAR","t","hhthhhthhtththtttthtttthttxtttttthttthtxxththhxhhhhhtxhtttxtththtthttttthhhxhhhhhhtthhtthxhhhhhtxhhhttttt"
"adamF",77,"5ZAR","t","htttthxthhhhxtthxtthththhhtthtthhhhttttxhtthththxttthtttththhttthhtthtttththhthhhhthtthhththttthtthhhh"
"adamF",78,"5ZAR","h","thtxhtttthtththhtxtththxhththtthhthtththhhhttthhhtthhhttthttttttthhththtthhththhhhtttthhhthtthththhhtt"
"adamF",79,"5ZAR","t","thhxthtthtxhhhhhhhtthhhhxhhttthtthhhtthhtthhthhhxhthttxhththttthhttxthtxttthtthhhhhhhthxhhxhthtxthttthhht"
"adamF",80,"5ZAR","t","hthhxthhhtttxttttthhhththhthhhthxtthhxhthhhtttthtthhtttthtthtttttxttttthttthhhthhtttththttththhttthhhht"
"adamF",81,"5ZAR","t","hthhhhthhtthtththttththhhhtthhhxhhttxthttthththttttththththtthhthhhthtttttttthhtxxttttxtthhthtthhtht"
"adamF",82,"5ZAR","t","htthhththhththhththtttthttthhhthtttthhttthtththtxtttthhtthhtxhhtthhthhthttthhhththhhttthhtthtthxhhhhhht"
"adamF",83,"5ZAR","t","hthtttthhthhtththhthttthhhhtttthhthhhtttttttthhhththththtthttttttthhhhhthtththththttttthhttxthhxttttttht"
"adamF",84,"5ZAR","t","httthtttttthhttttttthhtttttththhhhhtthtththhhtthhthhtxhhthhhxtthhhhththhhhhthhhhthhthththhhttththhxhthtthtt"
"adamF",85,"5ZAR","t","thxtthhtththhhxhhhttththtthhhththhhttthhttthhthtthhththttxhtthhhhhtttxhhhthtttthhtttthtthhthtthtttthxhh"
"jillR",1,"0.20EUR","h","ttxhxhhhtxthxhtxhtxtthhthhtthxthhhhttthtththxhxttthhhtthhthhxttthtthxtxtthttthhtxthxthxhhxhttttxhxhttxhhhxthttthhhhhhht"
"jillR",2,"0.20EUR","t","htxhttxtxtttxhhthhhthhhxhhttxhhhthxxhttxthhthhtthhxttxthxthhhhxthhhthhxtxtttthhhhhhhtththhtthtxxhthtxtxhhhhthtthhhthtxxh"
"jillR",3,"0.20EUR","h","hhthttthhhhhtxhhhhhttttthtthhhhhhthttthttxtthththhttttttxthhthxxhxttttthtxhxxxhhhtxtthttxttxhtxthxhthttthhhhhhtt"
"jillR",4,"0.20EUR","t","thththhhhhhhtthtttttthhtthtthhthhxxtxhhxhthththhtthtthththhhtttttttxthhttthhhhthhhhhhhtxhttttthhtxthxhhhhhtxh"
"jillR",5,"0.20EUR","h","xtthtthxhttxtthtttthhthxtthhhthhhttthtthhxhthtthhhhttthttxtthhtxhtthhhhxthhttttthhhthtxhhhttthththhxtththhtth"
"jillR",6,"0.20EUR","h","hththhxthhttxthhthththhhttthhhthttthhhtxtthtthhhtthhtttttththttthhhhththtththhhthhhthththhtxhhthththhhh"
"jillR",7,"0.20EUR","h","tthhhhhtththxhthtttxththhththhhhhhhhthhhhhthhhttthhhtthhttttthtttthththhthhhtthtththhtttttthxxhtthhhhxt"
"jillR",8,"0.20EUR","t","htththhhthhhthttttthtthhhhhthhhttthhthhtxhtttttthththtthtthhhhttthththhhxhhhhxththhththhtththtthhthhxtt"
"jillR",9,"0.20EUR","t","hhthththttthtthtthhthhthtttthththttthhtxhhthhthhtthxtthtthtththththtthttttthtttththtthhhtthhttthhhttt"
"jillR",10,"0.20EUR","t","thtthtthxhhthttttthhhthhththhthtththtthhtthtthhhhthhhhxxhtthtxhtxtththhhhthtxhhhthhththththhthtttttttthh"
"jillR",11,"0.20EUR","h","hhhhtthttthhthtththhhhtthtththtthhhtttthhhththhtxthhhttxttthxhtttthhtthhhtththxhtthtttxxhthttthhhxtthhttht"
"jillR",12,"0.20EUR","t","tthththtthhxhhttthtthhtthhthtttxthtxhhhhtthtxhxhhththhtththttthttthxhhhtthththtttthxhhthtxtttthhttthhxxhhthht"
"jillR",13,"0.20EUR","t","httttthtxhttttthtttthttthhxtthxhhthhthththhtxthxhhhxhhhtthtthxhhtttthhtxthttthxhhhhtxhhhhttthhhhthttxhtxxxtttthh"
"jillR",14,"0.20EUR","h","hthtthhhhttthhhtthhhtthttthxtxhhththtthhhhhthhthhthhxhhthhhhhthttthhhttthhxhtttxxhhhhhttthtxhhttttththhhttth"
"jillR",15,"0.20EUR","h","tthtttthttttththhhthhhttxhhththtththhthhthhxtthhttthhhhthtttthhhhhhxththhhhttththhttttxhhxthttttththhttt"
"jillR",16,"0.20EUR","t","httthhttttttxhttthhxthttxtxhtthttththhttthxhththtttttththhhhhhhxthtttxththhhthtthtththhhthtttxthhhhthhhhtht"
"jillR",17,"0.20EUR","t","ttthhttttxhhthhtthhhthhhthxhhthhtthtthhhtthhtttthtttthtthhhthtthhhhttthtthttttthhthhtttxhhhthhthttthtxhtt"
"jillR",18,"0.20EUR","t","htthttthhhththtthttttttthhhhxhhhhtxhhhhthhhhhhhhhhthhtxttthththttttthtttttthhtthhthhththtxthtthtttthhtth"
"jillR",19,"0.20EUR","h","htthtttthtthtthhttthhhttthhhththththhtthttxhtthxtthhhtthxhtthtthhhthhhththhhhtthtttttthhtthhhtxtxhthttxhh"
"jillR",20,"0.20EUR","h","ththttxtthtthtttxhthhhtththhhttttthththttttthhthttthhhhttxtxtxhhhtxhhhhthxttxhhtthtxthtthhtthtttthxhhthtththt"
"jillR",21,"0.20EUR","t","tththtthhttthhththhttttthhthhhhhhtttxhhxthtthhttxthhhhhhtthhththtxthhttthhhhthhhthhhhtxhhhthtttthhhtthhht"
"jillR",22,"0.20EUR","t","hhhththhhhhhthhhhtthththhtthhhthtthhhhhhhhhthhhthtthttthhhtxhtthhthtttthhhtthhhhxhhttthtthtthhhtxthhhhh"
"jillR",23,"0.20EUR","h","hhhthhttttthhtttthtxhtthhttththtthxhhhhhthxthhthhhthhxhxhhttxthhhhxhtttttthththththhththhhhxhxthtthhthtthhtth"
"jillR",24,"0.20EUR","h","xhhhhhttththhhtttttxhhttthtththhhhtttthttthhhhthhthttttthhxthttththhttthtththhhththhhhhhtthhttthxhhththt"
"jillR",25,"0.20EUR","t","hthtththhxtththxhttxhhhhhttthttthhhthhhxhhhhttthhhthxhttththhhhhxhhhhtthttxhhhhtttttxhhthtthttthhhhhxthhxhxxttt"
"jillR",26,"0.20EUR","t","txththhhttththththhthhxhhhxthhhthhththhtxtthhhhhxthhhthhtttttxththtxhthtthhhtthhthtthhtttthhtthhhtxthhhhthxtt"
"jillR",27,"0.20EUR","t","txtttthhhhhxthhthhtttthxhtthhhthhtttxhhhthhhhhhxhhhhhhttthxtthxxthtttththththxtthhhhttththhthhthxhthtttththttt"
"jillR",28,"0.20EUR","t","tttthtthhhthhthtththtxththhttxhthttthtthtthhhhxhhtttththttthttththhhhhhthhhtththttthxhthhthhththtxtthhxhhh"
"jillR",29,"0.20EUR","h","hhhhtttthththhhthhtthtxhttthtxtthhttttxththtthhhtththhtttthxttthhththtttttxhthhthhthtttthttttthxthtxxxtxhxtthxhtht"
"jillR",30,"0.20EUR","t","hhtttxtttthttththxthtttttthxhtxhxthttthhttthtxthhttthhhhttthtxtththhhhththhhttttxttththhthtxttttxttthtthtxhttth"
"jillR",31,"0.20EUR","h","tthhxthhhtthtthhhxxhhhhththxhhhhthththhthtttttxxtxthhhhhttttxhttxttthhthtttthththtthhhhhtxthtthttthththtththh"
"jillR",32,"0.20EUR","h","tthtthhhhthtthhttxhhtthtththhhhtthhthhthttxtttthhthhthhhxhhtthttthhxhtxttttxhhtththththhtthxtxthtththttthxhtt"
"jillR",33,"0.20EUR","t","hthhhhhhhhtthhhttxttxhhhtxhtthtthxhthttthhthxhtxxhhxhhhtttxxththhhthhthhhhttxtthtttxxhthhhhthttthhhhthtthtthhtth"
"jillR",34,"0.20EUR","h","hthhthhhtthhttththtthhhhhthtthhtxhhhtthtthhhttxthtxtththhtxhhxththhttththtthhtxhthhttxhhthtthhtthhhhhhhhhtt"
"jillR",35,"0.20EUR","t","hhthhththhhthtthttxthhhhhtthhtthttthxthhhhhthxthhxhttthxthhhthtxxhxhthhtthtththhttxhthhxxthhtxtthhttxhhhhhh"
"jillR",36,"0.20EUR","h","htttthhttthtttththththtxththhtthhhhththhxthhhthttttthhhhttthtxhttxthtththhthhxhhtttthxhxhthhththhhhttthhth"
"jillR",37,"0.20EUR","h","thhththtthttthxhthhhtththttthhhthhhhhhhhtththttthxxththtttttthhthhtththhththhtthttthhtttthtthtxtttthhthh"
"jillR",38,"0.20EUR","h","xhthththththttttththhthhhthhhtthxthhththhthttthththtxthhhhhhhhthhtthhththxhttttthhtthhhhthhtthxtthhhthhttt"
"jillR",39,"0.20EUR","t","txtxhhhthxthhttthhhhhxhttxththttxhhhhhtxhxhhhthhhtthtththxhhtxhhhhthhthttxhhthhthttttttthhxxthhhtthhhhhhhthtt"
"jillR",40,"0.20EUR","t","tttthhtttthhhthhttxhthhhttthtthtttthhxthttthhhtthxthhtthtthtthxthtthhtxhhttttthxthhhhtthttthhttthhxththhthh"
"jillR",41,"0.20EUR","h","thhxtthhhthhhhhhhxhhttthtxthtthxhhtththhhhhhtxtthhhttthththhthtxhtxhxttthhhhthtthhhtttthxthhhthhthhthtttthth"
"jillR",42,"0.20EUR","h","hhththththttthxthttthhhtthhhhhhthththttthttthhtthttthhtxtthxtxhhttttththtthxhttttththhthhhthhxthhhtthtttth"
"jillR",43,"0.20EUR","h","hhhhxhhthhthhhtxhhthttttxttthhhhxththhhhthhthttttthtthtttttththhtttthtthttthhthtxtttttxtxthththhtththhtthtt"
"jillR",44,"0.20GEL","t","ththttthtthhththhhhhttttttthttthtththttthxhtthttthhxhxthhtxthhtthhhtttthhhthtthhhhhhhtttththththhhtthxhht"
"jillR",45,"0.20GEL","t","hhttthhhhhhthtttthhtththhthhhtththttttttxtthhttthththhhttttxtthhhhththtxtthtxhhxhxtthtttxhththtthtthxthttthth"
"jillR",46,"0.20GEL","h","hhhtthttthtthhhthhhhtttthhhthththhxhhhthtthttthxhhhtttttthhhxhthxxtthxhxhhthhhtthtttthtttttttththhtthhhtthh"
"jillR",47,"0.20GEL","h","xhtththhtthhhtttthttthhhhhhxtxhhthhtxttxhhtttthttthttthttthhxhttxthhtthxhtthhxththhhhthhhthtthhhhhhhhthhhthht"
"jillR",48,"0.20GEL","t","hhthttthtxhhhhhthhxhthhhthtxhtttttttxthhhxtttthxttththtthhtththhhthtthhthhhhtxttthhtxhtttthtthhhthhthxhhththht"
"jillR",49,"0.20GEL","t","hhhthtththtthhtthhhhhhtthhhhhxthxthtttthhxhhhttththhtthttthtxthtthhttxttthhthxhthtthhththttththhxthhthttthh"
"jillR",50,"0.20EUR","h","hthhhhhthxththhhththhhtttthhhhthtttttthhthtthxhhththxthhhhttttxhhhtththtthththttttxttthttththththttttthhh"
"jillR",51,"0.20EUR","h","thhthtttthhttthhhhhhhhhhhhhthtthhhhhxthhththhhhtththxhhtxhthhhxhththhthttthtxttttthhxththhtthttttthhthhhht"
"jillR",52,"0.20EUR","t","hhthttxhhthtthhtththhhtxtxhhthtthhtxthhtthtthhhthttththtththttxhtthhhthhthxttththththhthhttttthhtthththhhh"
"jillR",53,"0.20EUR","h","thhththttttthhtthtttttthhhtttththxhtxhththhhhtthhthhxhtxhhtttthhhhthtthhthhttttththhhtththhtthhtthhhtttt"
"jillR",54,"0.20EUR","t","xhxhtthhtthtttththhttttthtthhthttxthhtttthhhhhththhthhhhtttthhttthtttttthhthxththhhttttxhhtttxhttttthhhhh"
"jillR",55,"0.20EUR","h","thhhxthhttxhhhhtthhthhhtthhhhttxtttthhhhtttttthtthhhhxtxhhhtthhhhththhtthtthtttxtthtxttthtththhtthhtth"
"jillR",56,"0.20EUR","h","tttttththhhhththtthhthtttttthhhthhhhhthtthhhhhhthhhhtthttthhhthtthhhxhhtttttttxhhhhhhtthttthtthhtthhtt"
"jillR",57,"0.20EUR","t","htthhhthxthhhtthththtthtthhhtthhtttxthththtttthttthhhtthhhttththxtthhhhthhtttttthhhxthxhhthxhxhttthhhhthttxh"
"jillR",58,"0.20EUR","h","tthhththtthtttthhhhhhthhhhhhthhxttthttthhhxthtthhttttthhttthttthtthhtthttththhhhhthhthtththhhthhhhthhh"
"jillR",59,"0.20EUR","h","ththtthhhhthhtththtthtttttthhhttthhxhhthhtththtththhhtthxhhxthtttthhhtttthhtttthhtththtthttthhhtttxttthh"
"jillR",60,"0.20EUR","h","httttthhtthhhhhhttthhhhhtthtthtxttttttttttthhhhhhhtthttthttttthhttthtttththxhttthtthtthhhhhhhhhhttthxhh"
"jillR",61,"0.20EUR","h","thhhttthhhthhthththtthtthhhhththththhhhthhthtththhthhtthhtththxthhhhhttthhthhttttthhhthhhtththhththtt"
"jillR",62,"0.20EUR","t","hhtthhthttttttthtxhthtthtththhththhhttttththhhhthththtttttthhthhhthththhhhhxhhxtthtthtttthhttxhthtththt"
"jillR",63,"0.20EUR","t","thththhttttththhttthhhhthhtttttttttxtthhhhhxhhhthhthtxtthhhhhhtttthtxhtttthhttthtttthhhtthhttttthhhthhtxt"
"jillR",64,"0.20EUR","t","ttxhhhttththththththxththxhtthhththtthhhhththhhthxttttthhtthxttthtthxhtthhhhxhttththxttttthhhttththttthhthht"
"jillR",65,"0.20EUR","t","ttththhhhtthtthhthhtththxttxhtxhthhttthttthhhtxthttththhhhhxtthhxhhthhthhhtxthxtxththththttthtttttthttthhtth"
"jonasP",1,"0.20GEL","h","ththtththxhthhthhhhthhhthtthhthhthhhtttthhhthhhttthhhththxhthhthttthhthhhhhhhthhhhhhthhttthttttttthhh"
"jonasP",10,"0.20GEL","h","thhhhtttththhhtttththttththhtthtxtthtttthtthhtthhhtthhtttthhhhhhttthhthtthttthxthtthhtthtththhttththh"
"jonasP",11,"0.20GEL","h","hththththhththhtttttttttttththttthhthtthhhhtthhhhhhtththhhhtththttthhthtthtthttthtttttthtthttxtthttth"
"jonasP",12,"0.20GEL","t","hthhtthhthxttttthhtththtthhhtthhthtthhhthtthhhtttthttttthhhttthttththttthhhhhthtthtthhtthhhttthhhthhh"
"jonasP",13,"0.20GEL","t","htthhhtththtththtthhhhtthhhtththhhhthhthhthtthhththtthhthhttxthhththhhhttthhththhhtttthttthttttttthtt"
"jonasP",14,"0.20GEL","h","htthxhthththhtthtthhhthhthhthtthhtttththhhhhthhhtttthtttttttthththhhhhtththttttthththttththhththtthht"
"jonasP",15,"0.20GEL","h","hhhtthhhhttthtttththhhtthttthhtttxhtththhhhhhhhttthhtttthhhthtththhhhthhhtthtthhtthhththhtthttthhtttt"
"jonasP",16,"0.20GEL","h","hxthhhtththhhttttthtttxthhttttthtthhttthththtttththtthhhhhthtthhhtthhhhttthhtthhthtthttthhhthtttxhhhhth"
"jonasP",17,"0.20GEL","t","thhhthtthttthhttthhttththhhtthhhhhhhhhttththtthtthhththhthhttttthhththhthttththtththhthtttthhthhhhhh"
"jonasP",18,"0.20GEL","t","hthhtthttthtthhtttththtthtttthhhxtthhthhhhhhhhthhthhtttththtthttttttthhthhtthhhhtthhthhthhhtthhhhtttt"
"jonasP",19,"0.20GEL","h","hhhtthhttthhhhhhhhthtthtttthttthtttthhhhhhhhhhtthhththttttttthtththttthhtththtthtxhttttxhtthhhthhhthtt"
"jonasP",2,"0.20GEL","h","hhtttthtthhthhtththhhttttthttthhthhthttthththhthttththhhthhthttthttttthhtthttthththhhththtthhhhttth"
"jonasP",20,"0.20GEL","t","ttttththhtthtthttthttthttthhhttxhhhhthtthtthttthttttthhhhtttxthhthhthhhthhhtttththhhtthhthtthtthhtthtt"
"jonasP",21,"0.20GEL","h","hhhtththtthhthtxththtththhtthhhtthththhhhttthththhtthhhthhhttthtthhththhhtththttttttthhhhthtthhthtthh"
"jonasP",22,"0.20GEL","t","htthhhthhhhtttttthtttthttthhtttthtthhhtthtttthhhtththhthhhhhhtthtttthtthttthhtthhhthththhhttthttthxhth"
"jonasP",23,"0.20GEL","t","hhtthhtththhtttthhhhhttthhhtttthhhxxxhhtthththththhhthththtthhttthtthtthhthttthtthtthhththhththhththhth"
"jonasP",24,"0.20GEL","h","tththttttthtttthhhhhtttththhthhthhhhttthhthhttttthttthhthhtththtththtttttttttthhhhhthhtthtttttthttxhh"
"jonasP",25,"0.20GEL","h","hthhhhhthtthhtthhtthhhhhhhhhhtthtttttthtthhttttthtthhhhhthtthththhttthtththhhhhhttxhhhtthttttththhtht"
"jonasP",26,"0.20GEL","h","httthhhtthhthhhhhthhthhhhthhhtthhhttthttthhhthhtthhhhhhthhhttttthhththhthhthhtttthtththtththhtttthhxh"
"jonasP",27,"0.20GEL","h","httthhhttththththhhhthhtttttttthtthhtthhhhthtthththtthththhttththttthhthhhthhhththtttttthththtththth"
"jonasP",28,"0.20GEL","h","thhhhtthhtthhhthhthhhthhhhhhttthhhhhhthhhhhthttttthhthththhhtttththttthttttthhththhthhttthhththttttt"
"jonasP",29,"0.20GEL","t","tttthththhthtthhtthhhthhhtthhththhthtttthhthhhtthttthhtttthhhhhhhthhthhhhhhhtxhthththhhthhhhtthtthhhh"
"jonasP",3,"0.20GEL","h","hhhhhthtththhhhhttthhhhttththtthhhththhtttthttttxhthhhhhtthtthtthtthtththhthhhtttththtthtthttthhthht"
"jonasP",30,"0.20GEL","t","ttthttthhhhthtttthtthtthhthhtththhtttthttttthhttththtthhhhhhthtttthhtthhhthhhtttttthtthttthhthhttttt"
"jonasP",31,"0.20GEL","h","htthhhhthtthhhhhtththhhhthhththtthhtthhhhhtttthhthhhhhtthhhtthhhthhhhhhtthhtthhththhhhtttttttthhtxhhh"
"jonasP",32,"0.20GEL","h","hthhtththhthhththhthththtthhtththtxhhttthhthhhhhththhhthhhtttthtttthhhtththhtththtthhthttthhhhhhhhhht"
"jonasP",33,"0.20GEL","h","thhthhthhthtttthttthhthtthttthhhhhtthhhhhhhhttttththhttttthhhthhtthtttthhhhhhhhtthhhtttththhthttthht"
"jonasP",34,"0.20GEL","h","tthtththxhhhhhthhhhhhhthtttthtthtthhhthththhhtthttthtthhhhthhtttthhhtththhxtthtththhhthhttttthhhhtthhh"
"jonasP",35,"0.20GEL","t","thhttttttthhhhhhttttttthhthhhtthththhtttthtthtthhtttthhthhthhththhhhtttthhhhttthhhhtthttthtthhththht"
"jonasP",36,"0.20GEL","h","ttttththtthttthttthhtthhhhtthhtttthhttththhtthhhtthttthhhhtttththhhhhhhthhhtttthhhhhthtthhththhttthh"
"jonasP",37,"0.20GEL","t","hthhhththhtthhhththththhhthhththtthttttthhhthhhtthtthhttttttththththhtttththhtthtthhhhthhththhtttttt"
"jonasP",38,"0.20GEL","t","ththhttththhtththtttthhtthhhhhhhhtththhtttthhhhhhttttttthhhttthtttthththtththhhttthhhhhtttthtttttttt"
"jonasP",39,"0.20GEL","t","hhhhhttthhhxhhhhthtththtthhtthhthhhtttttththxttththhthttthhthhthttthtththhthhthhththhthtthhthtttttttt"
"jonasP",4,"0.20GEL","t","thhhthhhtthhhhtttththttththtttttthtthhhthhhthhhtthhththhttthhttthhhxhthhhthhhtthttttttttththhhhhhtthh"
"jonasP",40,"0.20GEL","h","thththhhhhhhthtththhtthttthtthhtthhtthttthhhtthttthtththttthhthtttthhththhthhttthththtthththhhthttth"
"jonasP",41,"0.20GEL","t","ttthththhthtththhhhtthhhthhtthhthtthhttttthtthththttthtxhhhhhhththttthhtthhthththhththtththhhthhthttt"
"jonasP",42,"0.20GEL","h","htthhhththttthttthhthhthttthxhhhtttttthtttthhhhthhhththttthhttthtttththhhhhthtttttthtththhhtttthhttht"
"jonasP",43,"0.20GEL","h","tttthththhhhththhhtththttthhthhhhththhhttthhhthhttthththhhthhhththhhhhhhthhhhhhhthtttttxttttthhhhthht"
"jonasP",44,"0.20GEL","h","thhhhtthhtthtthhhthhtttthttttttthhthtttththhthhhhthtttthhhhthhhttxhthhthtthhthhhthtthhhttxthhtthhtthtt"
"jonasP",45,"0.20GEL","h","thhhtttttthhhhthhhhhthhthhhhhhhthxhthhththhththtthhhtthtthtthttthhhttxtttththhhhhthtthhthhhttththhthth"
"jonasP",46,"0.20GEL","h","hhhhtthttttthtthhtttttthtxtththttttthhhhhhthttttxhhtthhhhttthhhhthtthhhththhthhthhththhhhhthtthhthhhhh"
"jonasP",47,"0.20GEL","h","hhthttthhhhhhhthhththhttttththttttttthhhtttthtttthtttthtthhhhttthhtthtxtthhxhhthhthhhhhhttthttthhhhhth"
"jonasP",48,"0.20GEL","h","hhththtthhhthhhhththhttthhhthhhtttttthtthhthhhtthhthhhtthhttthhhthhhththtxtthtthththtttthhththtthhtht"
"jonasP",49,"0.20GEL","h","thtthttththhhththhhhhhhhtttththhhhhhttttttttthttthhhhhttthtthtthhhtththtththhtththththththttthhhthtt"
"jonasP",5,"0.20GEL","h","hthtttthtththhthththttthhttttttththhtttthtthhhhhttthhththhtttttthhtthhtthhthtthtthttthhthhthhtttthhh"
"jonasP",50,"0.20GEL","h","hhhhthhtttthhtththththththtttttthhtxhhhtttttttththhttthhttthtthhhhththhtttthtttthhthhthhhthhhhhhhhtth"
"jonasP",6,"0.20GEL","t","hxththhthttthhhttthhhtthhtthhthhthhtttthtthhtthhhttthhtthhhhttthttthhhhhththhhhhhthhhhhthhhhththththh"
"jonasP",7,"0.20GEL","t","hthtthttxthtttthhtthththhhxhhththhtthhthhhhhttththtttthhthhthhhthtthhhhhhxthxthhhhhtthhtthtthhtxtthhthhth"
"jonasP",8,"0.20GEL","t","hhhttttthhhhthhtttthhhthhthhtthtthththttthtthttttthhhhhttttxtthtthttthhtththttthhtttthhthhhtthttthhhh"
"jonasP",9,"0.20GEL","t","thttthtththhhhhthhttthhhtthhhhtthhhthhthhttththhhhtttththttthtttthhthhhttthtttthhhtthttthhhthtthtthh"
